query_id,query_text,relevant_qrels,dense_doc_ids,dense_recall_at_5,dense_reciprocal_rank,dense_bm25_doc_ids,dense_bm25_recall_at_5,dense_bm25_reciprocal_rank,reranked_doc_ids,reranked_recall_at_5,reranked_reciprocal_rank
1,0-dimensional biomaterials show inductive properties.,['31715818'],"['4346436', '29638116', '6863070', '25404036', '31715818']",1.0,0.2,"['4346436', '34386619', '29638116', '18953920', '6863070']",0.0,0.0,"['6863070', '13231899', '24660385', '27049238', '16939583']",0.0,0.0
3,"1,000 genomes project enables mapping of genetic sequence variation consisting of rare variants with larger penetrance effects than common variants.",['14717500'],"['23389795', '4414547', '19058822', '13914198', '32181055']",0.0,0.0,"['4414547', '19058822', '23389795', '2739854', '14717500']",1.0,0.2,"['14717500', '4414547', '2739854', '19058822', '4632921']",1.0,1.0
5,1/2000 in UK have abnormal PrP positivity.,['13734012'],"['13734012', '1805641', '29564505', '21550246', '15663829']",1.0,1.0,"['13734012', '1805641', '29564505', '21550246', '6549091']",1.0,1.0,"['13734012', '18617259', '17333231', '19140422', '76415938']",1.0,1.0
13,5% of perinatal mortality is due to low birth weight.,['1606628'],"['33740844', '22007333', '37480103', '11748341', '11360768']",0.0,0.0,"['1263446', '33740844', '7662395', '22007333', '37480103']",0.0,0.0,"['1263446', '25182647', '7662395', '35714909', '28633594']",0.0,0.0
36,A deficiency of vitamin B12 increases blood levels of homocysteine.,"['5152028', '11705328']","['16252863', '11705328', '42441846', '33409100', '21636085']",0.5,0.5,"['16252863', '42441846', '11705328', '33409100', '37424881']",0.5,0.3333333333333333,"['18557974', '33409100', '37424881', '42441846', '16252863']",0.0,0.0
42,A high microerythrocyte count raises vulnerability to severe anemia in homozygous alpha (+)- thalassemia trait subjects.,['18174210'],"['40913091', '18174210', '27889071', '10128893', '4449524']",1.0,0.5,"['40913091', '18174210', '27889071', '4449524', '45218443']",1.0,0.5,"['18174210', '40913091', '27889071', '45218443', '6315132']",1.0,1.0
48,"A total of 1,000 people in the UK are asymptomatic carriers of vCJD infection.",['13734012'],"['18617259', '13734012', '44672703', '13322804', '43587663']",1.0,0.5,"['18617259', '13734012', '26016929', '44672703', '5850219']",1.0,0.5,"['18617259', '11349166', '13734012', '5850219', '44672703']",1.0,0.3333333333333333
49,ADAR1 binds to Dicer to cleave pre-miRNA.,['5953485'],"['5953485', '5702790', '23913146', '5633957', '1333643']",1.0,1.0,"['5953485', '5702790', '86602746', '18654430', '1333643']",1.0,1.0,"['5953485', '5702790', '23913146', '6913227', '18467982']",1.0,1.0
50,AIRE is expressed in some skin tumors.,['12580014'],"['29785642', '39559521', '12580014', '10761515', '18488986']",1.0,0.3333333333333333,"['12580014', '29785642', '39559521', '18488986', '17844478']",1.0,1.0,"['12580014', '18488986', '25738896', '39559521', '3952288']",1.0,1.0
51,ALDH1 expression is associated with better breast cancer outcomes.,['45638119'],"['45638119', '17648235', '29366489', '4999633', '1866911']",1.0,1.0,"['45638119', '8963413', '17648235', '23830488', '24341590']",1.0,1.0,"['8963413', '45638119', '23830488', '24341590', '15081770']",1.0,0.5
53,ALDH1 expression is associated with poorer prognosis in breast cancer.,['45638119'],"['45638119', '29366489', '17648235', '4999633', '21439640']",1.0,1.0,"['45638119', '21439640', '29366489', '7821634', '4889228']",1.0,1.0,"['45638119', '8963413', '21439640', '52925737', '22401720']",1.0,1.0
54,AMP-activated protein kinase (AMPK) activation increases inflammation-related fibrosis in the lungs.,['49556906'],"['49556906', '1590744', '24721866', '3973445', '22036571']",1.0,1.0,"['3419709', '49556906', '23974474', '5108807', '1590744']",1.0,0.5,"['3973445', '3419709', '24721866', '23974474', '1590744']",0.0,0.0
56,APOE4 expression in iPSC-derived neurons increases AlphaBeta production and tau phosphorylation causing GABA neuron degeneration.,['4709641'],"['4709641', '15347087', '22185730', '22116439', '6492658']",1.0,1.0,"['4709641', '15347087', '22116439', '22185730', '11659421']",1.0,1.0,"['4709641', '22185730', '23869951', '11659421', '14434123']",1.0,1.0
57,"APOE4 expression in iPSC-derived neurons increases AlphaBeta production and tau phosphorylation, delaying GABA neuron degeneration.",['4709641'],"['4709641', '15347087', '22185730', '22116439', '6492658']",1.0,1.0,"['4709641', '15347087', '22116439', '22185730', '11659421']",1.0,1.0,"['4709641', '22185730', '15347087', '23869951', '35520219']",1.0,1.0
70,Activation of PPM1D suppresses p53 function.,"['5956380', '4414547']","['5956380', '9483851', '4389394', '43880096', '9169645']",0.5,1.0,"['5956380', '4414547', '9483851', '21307488', '4389394']",1.0,1.0,"['5956380', '5254463', '21307488', '31624828', '6896063']",0.5,1.0
72,Activator-inhibitor pairs are provided dorsally by Admpchordin.,['6076903'],"['6076903', '25970224', '5700349', '38380061', '20313748']",1.0,1.0,"['6076903', '24249915', '39291138', '25970224', '10666475']",1.0,1.0,"['6076903', '10666475', '35008773', '38380061', '12631697']",1.0,1.0
75,"Active H. pylori urease has a polymeric structure that compromises two subunits, UreA and UreB.",['4387784'],"['37768883', '4387784', '36233757', '29214508', '25657127']",1.0,0.5,"['4387784', '13965483', '37768883', '2837758', '25657127']",1.0,1.0,"['4387784', '13965483', '37768883', '25657127', '8654183']",1.0,1.0
94,Albendazole is used to treat lymphatic filariasis.,['1215116'],"['1215116', '20428155', '3929361', '39424916', '13938878']",1.0,1.0,"['1215116', '20428155', '17327939', '13070316', '3929361']",1.0,1.0,"['39424916', '20428155', '13070316', '11441172', '1215116']",1.0,0.2
99,Alizarin forms hydrogen bonds with residues involved in PGAM1 substrate binding.,['18810195'],"['18810195', '20313748', '22191759', '21754541', '4795303']",1.0,1.0,"['18810195', '21754541', '20313748', '22191759', '6788835']",1.0,1.0,"['18810195', '21754541', '12225214', '36464673', '2617858']",1.0,1.0
100,All hematopoietic stem cells segregate their chromosomes randomly.,['4381486'],"['14550841', '5415832', '34982259', '92499', '1944452']",0.0,0.0,"['4381486', '14550841', '5415832', '34982259', '4816339']",1.0,1.0,"['4381486', '30714190', '14550841', '25516011', '92499']",1.0,1.0
113,Angiotensin converting enzyme inhibitors are associated with increased risk for functional renal insufficiency.,['6157837'],"['25816994', '6157837', '1759213', '14584755', '26199970']",1.0,0.5,"['25816994', '6157837', '1759213', '43417006', '14584755']",1.0,0.5,"['6157837', '1759213', '25816994', '26199970', '43417006']",1.0,1.0
115,Anthrax spores can be disposed of easily after they are dispersed.,['33872649'],"['33872649', '102662', '195680777', '23262027', '34760396']",1.0,1.0,"['33872649', '109795294', '1631583', '102662', '2140513']",1.0,1.0,"['33872649', '1631583', '2140513', '19756935', '18855191']",1.0,1.0
118,Antibiotic induced alterations in the gut microbiome reduce resistance against Clostridium difficile,['6372244'],"['6372244', '4465735', '4695107', '2604063', '21956124']",1.0,1.0,"['6372244', '4465735', '15578265', '4695107', '32454714']",1.0,1.0,"['6372244', '4465735', '32454714', '52805891', '33918970']",1.0,1.0
124,Antiretroviral therapy reduces rates of tuberculosis across a broad range of CD4 strata.,['4883040'],"['4883040', '7111021', '21479231', '31363207', '341324']",1.0,1.0,"['4883040', '7111021', '31363207', '21479231', '32012666']",1.0,1.0,"['4883040', '7111021', '21479231', '13899137', '1986482']",1.0,1.0
127,Arginine 90 in p150n is important for interaction with EB1.,['21598000'],"['21598000', '35231675', '38623601', '35747505', '15600979']",1.0,1.0,"['21598000', '35231675', '293661', '38623601', '18126445']",1.0,1.0,"['35231675', '21598000', '38623601', '2727303', '7549811']",1.0,0.5
128,Arterioles have a larger lumen diameter than venules.,['8290953'],"['4890578', '2056197', '87758', '4647303', '22867765']",0.0,0.0,"['4890578', '8290953', '23513718', '2056197', '1122279']",1.0,0.5,"['1122279', '23513718', '1905095', '79447', '8290953']",1.0,0.2
129,Articles published in open access format are less likely to be cited than traditional journals.,['27768226'],"['27768226', '15360986', '14361849', '3790895', '14390137']",1.0,1.0,"['27768226', '4688277', '30292811', '36202354', '15360986']",1.0,1.0,"['27768226', '36202354', '16390264', '41354899', '30292811']",1.0,1.0
130,Articles published in open access format are more likely to be cited than traditional journals.,['27768226'],"['27768226', '41294031', '4688277', '45457778', '21578627']",1.0,1.0,"['27768226', '4688277', '3829232', '19651306', '41354899']",1.0,1.0,"['27768226', '41354899', '28017005', '6477536', '4688277']",1.0,1.0
132,Aspirin inhibits the production of PGE2.,['7975937'],"['6923961', '36838958', '9159125', '6407356', '6945691']",0.0,0.0,"['6923961', '58006489', '27615329', '36838958', '3866315']",0.0,0.0,"['3866315', '27615329', '54482327', '9159125', '58006489']",0.0,0.0
133,"Assembly of invadopodia is triggered by focal generation of phosphatidylinositol-3,4-biphosphate and the activation of the nonreceptor tyrosine kinase Src.","['38485364', '6969753', '17934082', '16280642', '12640810']","['86694016', '12640810', '22025252', '17934082', '6969753']",0.6,0.5,"['19752008', '86694016', '35660758', '12640810', '45764440']",0.2,0.25,"['35660758', '12640810', '36345185', '14328288', '19752008']",0.2,0.5
137,Asymptomatic visual impairment screening in elderly populations does not lead to improved vision.,['26016929'],"['26016929', '31208367', '24735908', '457630', '4530659']",1.0,1.0,"['26016929', '457630', '21914176', '31208367', '7595742']",1.0,1.0,"['26016929', '10893238', '457630', '4530659', '26067999']",1.0,1.0
141,Auditory entrainment is strengthened when people see congruent visual and auditory information.,"['6955746', '14437255']","['10624000', '14437255', '38794814', '6955746', '313394']",1.0,0.5,"['14437255', '10624000', '38794814', '6955746', '36860856']",1.0,1.0,"['14437255', '10624000', '6955746', '38794814', '313394']",1.0,1.0
142,Autologous transplantation of mesenchymal stem cells causes a higher rate of opportunistic infections than induction therapy with anti-interleukin-2 receptor antibodies.,['10582939'],"['10582939', '37437064', '19511011', '4416964', '24101431']",1.0,1.0,"['10582939', '40164383', '37437064', '19511011', '3935126']",1.0,1.0,"['10582939', '40164383', '24101431', '24766509', '19510470']",1.0,1.0
143,Autologous transplantation of mesenchymal stem cells causes fewer opportunistic infections than induction therapy with anti-interleukin-2 receptor antibodies.,['10582939'],"['10582939', '37437064', '19511011', '4416964', '24101431']",1.0,1.0,"['10582939', '37437064', '23915841', '40164383', '19511011']",1.0,1.0,"['10582939', '40164383', '24101431', '24766509', '19510470']",1.0,1.0
146,Autologous transplantation of mesenchymal stem cells has lower rates of rejection than induction therapy with anti-interleukin-2 receptor antibodies.,['10582939'],"['10582939', '37437064', '24101431', '4416964', '301866']",1.0,1.0,"['10582939', '2388819', '37437064', '24101431', '40164383']",1.0,1.0,"['10582939', '40164383', '10128893', '24101431', '5597586']",1.0,1.0
148,Autophagy declines in aged organisms.,['1084345'],"['15728433', '1084345', '7548577', '52887689', '19922508']",1.0,0.5,"['1084345', '15728433', '33569870', '10012166', '52887689']",1.0,1.0,"['1084345', '10012166', '56528795', '15728433', '9159495']",1.0,1.0
163,Bariatric surgery has a positive impact on mental health.,['18872233'],"['43220289', '18872233', '29022271', '19071857', '40949706']",1.0,0.5,"['18872233', '43220289', '19071857', '29022271', '5824985']",1.0,1.0,"['18872233', '43220289', '19071857', '29022271', '5824985']",1.0,1.0
171,Basophils counteract disease development in patients with systemic lupus erythematosus (SLE).,['12670680'],"['12670680', '28149602', '28015516', '14853989', '5448119']",1.0,1.0,"['12670680', '28149602', '14938990', '28015516', '1834762']",1.0,1.0,"['12670680', '28015516', '28149602', '14938990', '14853989']",1.0,1.0
179,Birth-weight is positively associated with breast cancer.,"['16322674', '27123743', '23557241', '17450673']","['27123743', '37480103', '17450673', '16322674', '5487448']",0.75,1.0,"['16322674', '37480103', '27123743', '17450673', '5487448']",0.75,1.0,"['16322674', '37480103', '27123743', '25973484', '13831842']",0.5,1.0
180,Blocking the interaction between TDP-43 and respiratory complex I proteins ND3 and ND6 leads to increased TDP-43-induced neuronal loss.,['16966326'],"['16966326', '9217800', '32697244', '1964163', '6426919']",1.0,1.0,"['16966326', '9217800', '32697244', '13717103', '1964163']",1.0,1.0,"['16966326', '9217800', '13380011', '4795303', '32408470']",1.0,1.0
183,Bone marrow cells contribute to adult macrophage compartments.,['12827098'],"['22406695', '24282306', '7521113', '3495456', '12827098']",1.0,0.2,"['22406695', '8137081', '24282306', '6270720', '46193388']",0.0,0.0,"['12827098', '10078024', '8137081', '46193388', '22406695']",1.0,1.0
185,Breast cancer development is determined exclusively by genetic factors.,['18340282'],"['17088791', '3285322', '22975806', '45638119', '1866911']",0.0,0.0,"['3285322', '17088791', '18340282', '22401720', '22975806']",1.0,0.3333333333333333,"['21874312', '22401720', '23557241', '18340282', '5864770']",1.0,0.25
198,CCL19 is absent within dLNs.,['2177022'],"['24384587', '27602752', '17934603', '29347970', '13778710']",0.0,0.0,"['24384587', '40590358', '13778710', '19307912', '27602752']",0.0,0.0,"['13778710', '2177022', '40590358', '29347970', '27602752']",1.0,0.5
208,CHEK2 is not associated with breast cancer.,['13519661'],"['13519661', '7821634', '22482820', '4999633', '11915280']",1.0,1.0,"['13519661', '7821634', '2140497', '22482820', '4999633']",1.0,1.0,"['13519661', '21439640', '24341590', '5270265', '7821634']",1.0,1.0
212,CR is associated with higher methylation age.,['22038539'],"['4434951', '11935250', '9291668', '7808055', '14475235']",0.0,0.0,"['4434951', '1754001', '9291668', '6042706', '11935250']",0.0,0.0,"['7808055', '9291668', '14475235', '22038539', '11935250']",1.0,0.25
213,CRP is not predictive of postoperative mortality following Coronary Artery Bypass Graft (CABG) surgery.,['13625993'],"['27054878', '20887554', '750781', '21048969', '44384384']",0.0,0.0,"['27054878', '20887554', '40156901', '750781', '9846940']",0.0,0.0,"['27054878', '20887554', '750781', '40156901', '21048969']",0.0,0.0
216,CX3CR1 on the Th2 cells impairs T cell survival,['21366394'],"['21366394', '34905328', '25479072', '6163801', '21363424']",1.0,1.0,"['21366394', '34905328', '10029891', '21363424', '7433668']",1.0,1.0,"['21366394', '22174015', '40365566', '41877386', '21363424']",1.0,1.0
217,CX3CR1 on the Th2 cells promotes T cell survival,['21366394'],"['21366394', '34905328', '6163801', '8903143', '6123924']",1.0,1.0,"['21366394', '34905328', '14311986', '21363424', '2042250']",1.0,1.0,"['21366394', '40365566', '20388894', '41877386', '21363424']",1.0,1.0
218,CX3CR1 on the Th2 cells promotes airway inflammation.,['21366394'],"['21366394', '1800734', '40365566', '20311968', '883747']",1.0,1.0,"['21366394', '20311968', '40365566', '1800734', '2042250']",1.0,1.0,"['21366394', '1800734', '40365566', '883747', '20311968']",1.0,1.0
219,CX3CR1 on the Th2 cells suppresses airway inflammation.,['21366394'],"['21366394', '1800734', '40365566', '20311968', '883747']",1.0,1.0,"['21366394', '20311968', '40365566', '1800734', '2042250']",1.0,1.0,"['21366394', '1800734', '20311968', '883747', '40365566']",1.0,1.0
230,Carriers of the alcohol aldehyde dehydrogenase deficiency mutation drink less that non-carries.,['3067015'],"['3067015', '1148122', '14972169', '11457219', '19487477']",1.0,1.0,"['3067015', '11457219', '1148122', '9394119', '45638119']",1.0,1.0,"['3067015', '14663842', '45638119', '38028419', '24144677']",1.0,1.0
232,Cataract and trachoma are the primary cause of blindness in Southern Sudan.,['10536636'],"['7655029', '10536636', '29090823', '457630', '8298120']",1.0,0.5,"['7655029', '10536636', '29090823', '8298120', '457630']",1.0,0.5,"['7655029', '10536636', '29090823', '21914176', '8298120']",1.0,0.5
233,Cell autonomous sex determination in somatic cells does not occur in Galliformes.,['4388470'],"['4388470', '16267205', '28928964', '41380943', '36708463']",1.0,1.0,"['4388470', '16267205', '3823862', '28928964', '36708463']",1.0,1.0,"['4388470', '14225271', '19489351', '14555750', '28390999']",1.0,1.0
236,Cell autonomous sex determination in somatic cells occurs in Passeriformes.,['4388470'],"['4388470', '14225271', '41380943', '28928964', '36708463']",1.0,1.0,"['4388470', '14225271', '28928964', '36708463', '41380943']",1.0,1.0,"['4388470', '29641682', '86129154', '19489351', '14225271']",1.0,1.0
237,Cells lacking clpC have a defect in sporulation efficiency in Bacillus subtilis.,['4942718'],"['12881593', '34386619', '17416520', '35085326', '4942718']",1.0,0.2,"['34386619', '12881593', '35085326', '17416520', '24706198']",0.0,0.0,"['4942718', '17416520', '12881593', '34386619', '24706198']",1.0,1.0
238,Cells undergoing methionine restriction may activate miRNAs.,['2251426'],"['2619579', '18421962', '28704738', '13290521', '12440953']",0.0,0.0,"['4463811', '2619579', '18421962', '28704738', '36654066']",0.0,0.0,"['21601459', '28704738', '2460304', '13964633', '8006440']",0.0,0.0
239,Cellular aging closely links to an older appearance.,['14079881'],"['7514614', '9559146', '7834603', '3230557', '16693950']",0.0,0.0,"['3952288', '7514614', '8520041', '9559146', '19464037']",0.0,0.0,"['7042304', '7468449', '3230557', '22264117', '9291668']",0.0,0.0
248,Chenodeosycholic acid treatment increases whole-body energy expenditure.,['1568684'],"['5775033', '1568684', '23369842', '21553394', '21993510']",1.0,0.5,"['5775033', '1568684', '23369842', '25050364', '26107000']",1.0,0.5,"['1568684', '25050364', '26902591', '14865329', '32408470']",1.0,1.0
249,Chenodeosycholic acid treatment reduces whole-body energy expenditure.,['1568684'],"['5775033', '1568684', '12672066', '23369842', '21553394']",1.0,0.5,"['1568684', '5775033', '23369842', '25050364', '12672066']",1.0,1.0,"['1568684', '25050364', '26902591', '45154987', '23369842']",1.0,1.0
261,"Chronic aerobic exercise alters endothelial function, improving vasodilating mechanisms mediated by NO.","['1122279', '10697096']","['25822299', '32322418', '17097974', '46743299', '29148743']",0.0,0.0,"['32322418', '25822299', '46743299', '17097974', '35271381']",0.0,0.0,"['46743299', '25822299', '32322418', '35271381', '1122279']",0.5,0.2
268,Cold exposure increases BAT recruitment.,['970012'],"['970012', '34582256', '4319174', '40232172', '1568684']",1.0,1.0,"['970012', '36838958', '34582256', '32955023', '4319174']",1.0,1.0,"['970012', '36838958', '1568684', '32955023', '25687558']",1.0,1.0
269,Cold exposure reduces BAT recruitment.,['970012'],"['970012', '34582256', '40232172', '1568684', '4319174']",1.0,1.0,"['970012', '36838958', '34582256', '1507222', '40232172']",1.0,1.0,"['36838958', '970012', '32955023', '13000926', '25687558']",1.0,0.5
274,Combination nicotine replacement therapies with varenicline or bupropion lead to significantly higher long-term abstinence rates at 52 weeks than varenicline monotherapy.,['11614737'],"['11614737', '5114940', '5551138', '34369306', '24019260']",1.0,1.0,"['11614737', '5114940', '5551138', '34369306', '24019260']",1.0,1.0,"['11614737', '34369306', '5114940', '5551138', '24019260']",1.0,1.0
275,Combining phosphatidylinositide 3-kinase and MEK 1/2 inhibitors is effective at treating KRAS mutant tumors.,"['4961038', '14241418', '14819804']","['4961038', '4920376', '14819804', '85665741', '7317051']",0.6666666666666666,1.0,"['4920376', '4961038', '85665741', '14819804', '1285713']",0.6666666666666666,0.5,"['4920376', '4961038', '14241418', '14819804', '1285713']",1.0,0.5
279,Commelina yellow mottle virus' (ComYMV) genome consists of 7489 baise pairs.,['14376683'],"['14376683', '83667891', '37677954', '13702924', '1970884']",1.0,1.0,"['14376683', '83667891', '37677954', '13702924', '87986426']",1.0,1.0,"['14376683', '83667891', '37677954', '87986426', '13702924']",1.0,1.0
294,Crossover hot spots are not found within gene promoters in Saccharomyces cerevisiae.,['10874408'],"['17240457', '11420613', '3367829', '5116145', '2817000']",0.0,0.0,"['17240457', '21170174', '11420613', '16237005', '14145440']",0.0,0.0,"['10874408', '2817000', '17240457', '32638085', '4305576']",1.0,1.0
295,Crosstalk between dendritic cells (DCs) and innate lymphoid cells (ILCs) is important in the regulation of intestinal homeostasis.,['20310709'],"['20310709', '22791348', '1022115', '24044977', '17223891']",1.0,1.0,"['20310709', '1022115', '24044977', '22791348', '5979056']",1.0,1.0,"['20310709', '5979056', '12631182', '29423324', '13231899']",1.0,1.0
298,Cytochrome c is released from the mitochondrial intermembrane space to cytosol during apoptosis.,['39381118'],"['39381118', '23887844', '23403754', '8654183', '8551160']",1.0,1.0,"['39381118', '23403754', '23887844', '8654183', '10698739']",1.0,1.0,"['39381118', '9588931', '8654183', '25439264', '23403754']",1.0,1.0
300,Cytosolic proteins bind to iron-responsive elements on mRNAs coding for DMT1. Cytosolic proteins bind to iron-responsive elements on mRNAs coding for proteins involved in iron uptake.,['3553087'],"['16120395', '3553087', '39929509', '41548287', '4421742']",1.0,0.5,"['16120395', '3553087', '6828370', '15551129', '39929509']",1.0,0.5,"['16120395', '35747505', '39929509', '935538', '3553087']",1.0,0.2
303,DMRT1 is a sex-determining gene that is epigenetically regulated by the MHM region.,['4388470'],"['4085204', '28390999', '41548287', '28928964', '140874']",0.0,0.0,"['4085204', '28390999', '6948886', '140874', '41548287']",0.0,0.0,"['4085204', '6948886', '140874', '2356950', '1871499']",0.0,0.0
312,De novo assembly of sequence data has more specific contigs than unassembled sequence data.,['6173523'],"['14464451', '32770503', '13618987', '35711485', '85394684']",0.0,0.0,"['14464451', '14185503', '32770503', '13123189', '6173523']",1.0,0.2,"['14464451', '6173523', '32770503', '13123189', '14185503']",1.0,0.5
314,Deamination of cytidine to uridine on the minus strand of viral DNA results in catastrophic G-to-A mutations in the viral genome.,['4347374'],"['20996244', '544971', '2319305', '37768883', '25014337']",0.0,0.0,"['544971', '20996244', '2638387', '2319305', '24896957']",0.0,0.0,"['2638387', '544971', '22703082', '15319019', '24896957']",0.0,0.0
324,Deleting Raptor reduces G-CSF levels.,['2014909'],"['22174015', '2014909', '9737083', '8764879', '16826810']",1.0,0.5,"['22174015', '2014909', '24612804', '9737083', '8764879']",1.0,0.5,"['22174015', '5260382', '8724666', '2014909', '19510470']",1.0,0.25
327,Deletion of αvβ8 does not result in a spontaneous inflammatory phenotype.,['17997584'],"['17997584', '24423427', '8083310', '10559501', '20460020']",1.0,1.0,"['17997584', '24423427', '5752492', '8083310', '10559501']",1.0,1.0,"['17997584', '1550937', '29689140', '25576204', '6285534']",1.0,1.0
338,Dexamethasone decreases risk of postoperative bleeding.,['23349986'],"['23349986', '24211561', '20645335', '36288526', '21958900']",1.0,1.0,"['23349986', '24211561', '36288526', '20645335', '14252892']",1.0,1.0,"['23349986', '24211561', '20645335', '15948830', '36288526']",1.0,1.0
343,Diabetic patients with acute coronary syndrome experience increased short-term and long-term risk for bleeding events.,"['7873737', '5884524']","['5884524', '6158879', '7873737', '23783727', '13448422']",1.0,1.0,"['5884524', '6158879', '23783727', '7873737', '38630735']",1.0,1.0,"['23783727', '6158879', '7873737', '5884524', '38630735']",1.0,0.3333333333333333
350,Discrimination between the initiator and elongation tRNAs depends on the translation initiation factor IF3.,['16927286'],"['16927286', '26378103', '34498325', '23342686', '6455142']",1.0,1.0,"['16927286', '23342686', '26378103', '30437264', '13552682']",1.0,1.0,"['16927286', '23342686', '13552682', '13072112', '12149169']",1.0,1.0
354,Downregulation and mislocalization of Scribble prevents cell transformation and mammary tumorigenesis.,['8774475'],"['8774475', '2576811', '4406819', '1241113', '1866911']",1.0,1.0,"['8774475', '18953920', '2576811', '34103335', '15832146']",1.0,1.0,"['8774475', '1241113', '34103335', '17648235', '19541444']",1.0,1.0
362,During the primary early antibody response activated B cells migrate toward the inner-and outer paracortical areas where oxysterol accumulation is generated by stromal cells.,['38587347'],"['38587347', '8629328', '35256900', '15488881', '9705208']",1.0,1.0,"['38587347', '15488881', '15058155', '8629328', '1471041']",1.0,1.0,"['38587347', '15488881', '15058155', '5003144', '35256900']",1.0,1.0
380,Enhanced early production of inflammatory chemokines improves viral control in the lung.,['19005293'],"['19005293', '23509113', '12100963', '3835423', '26030079']",1.0,1.0,"['19005293', '23509113', '17223891', '12100963', '23912923']",1.0,1.0,"['19005293', '17223891', '26068103', '10648422', '67045088']",1.0,1.0
384,Epidemiological disease burden from noncommunicable diseases is more prevalent in low economic settings.,['13770184'],"['581832', '51972698', '25691878', '25451374', '8582337']",0.0,0.0,"['51972698', '581832', '8582337', '40666943', '25691878']",0.0,0.0,"['581832', '51972698', '40666943', '25451374', '18074797']",0.0,0.0
385,Epigenetic modulating agents (EMAs) modulate antitumor immune response in a cancer model system.,"['9955779', '9767444']","['1032372', '9767444', '24726600', '27949347', '9791313']",0.5,0.5,"['1032372', '9767444', '10542877', '15541119', '24726600']",0.5,0.5,"['1032372', '9767444', '10852047', '9955779', '10542877']",1.0,0.5
386,Errors in peripheral IV drug administration are most common during bolus administration and multiple-step medicine preparations.,['16495649'],"['16495649', '34544514', '21260231', '39300105', '12258338']",1.0,1.0,"['16495649', '34544514', '21260231', '42404093', '2475059']",1.0,1.0,"['16495649', '42404093', '21260231', '34544514', '2475059']",1.0,1.0
388,Ethanol stress decreases the expression of IBP in bacteria.,['1148122'],"['1148122', '21602220', '25519138', '1022115', '25045244']",1.0,1.0,"['21602220', '1148122', '24019260', '471735', '21373821']",1.0,0.5,"['21602220', '471735', '1148122', '24019260', '9588931']",1.0,0.3333333333333333
399,Exposure to fine particulate air pollution is relate to anxiety prevalence.,['791050'],"['791050', '32357890', '471921', '21003930', '42387637']",1.0,1.0,"['791050', '42387637', '471921', '32357890', '13770184']",1.0,1.0,"['791050', '42387637', '471921', '32357890', '21003930']",1.0,1.0
410,Febrile seizures increase the threshold for development of epilepsy.,['14924526'],"['14924526', '35520219', '1410197', '116792', '13757347']",1.0,1.0,"['14924526', '1410197', '15889329', '116792', '35520219']",1.0,1.0,"['14924526', '15889329', '1410197', '116792', '30534237']",1.0,1.0
411,Febrile seizures reduce the threshold for development of epilepsy.,['14924526'],"['14924526', '1410197', '35520219', '116792', '13757347']",1.0,1.0,"['14924526', '1410197', '15889329', '116792', '29723642']",1.0,1.0,"['14924526', '15889329', '1410197', '116792', '23670644']",1.0,1.0
415,Female carriers of the Apolipoprotein E4 (APOE4) allele have increased risk for dementia.,['6309659'],"['20937018', '51386222', '18852643', '24530130', '6309659']",1.0,0.2,"['4709641', '20937018', '18852643', '6947286', '51386222']",0.0,0.0,"['6309659', '20937018', '4505748', '4709641', '27076725']",1.0,1.0
421,Flexible molecules experience greater steric hindrance in the tumor microenviroment than rigid molecules.,['11172205'],"['1065627', '3727986', '6944800', '878526', '6219790']",0.0,0.0,"['1065627', '21598000', '3727986', '6944800', '15327601']",0.0,0.0,"['1065627', '6944800', '23576165', '17388232', '21598000']",0.0,0.0
431,FoxO3a activation in neuronal death is mediated by reactive oxygen species (ROS).,['28937856'],"['14496749', '28937856', '25251625', '16728949', '17231273']",1.0,0.5,"['2686003', '14496749', '25251625', '29073751', '28937856']",1.0,0.2,"['6000423', '4399311', '2686003', '25251625', '23887844']",0.0,0.0
436,Free histones are degraded by a Rad53-dependent mechanism once DNA has been replicated.,['14637235'],"['14637235', '36831892', '8267678', '8331432', '12588500']",1.0,1.0,"['14637235', '12588500', '36831892', '8331432', '13791206']",1.0,1.0,"['14637235', '12086599', '4319844', '12588500', '143251']",1.0,1.0
437,Functional consequences of genomic alterations due to Myelodysplastic syndrome (MDS) are poorly understood due to the lack of an animal model.,['18399038'],"['5765455', '2359152', '5782614', '5836', '3391547']",0.0,0.0,"['5765455', '2359152', '33677323', '3391547', '5782614']",0.0,0.0,"['5765455', '3391547', '39851630', '6000423', '8083310']",0.0,0.0
439,Fz/PCP-dependent Pk localizes to the anterior membrane of neuroectoderm cells during zebrafish neuralation,['4423559'],"['4423559', '22178316', '14333540', '5395426', '9629682']",1.0,1.0,"['4423559', '22178316', '5395426', '17017465', '18575183']",1.0,1.0,"['4423559', '5395426', '17017465', '18575183', '29422484']",1.0,1.0
440,Fz/PCP-dependent Pk localizes to the anterior membrane of notochord cells during zebrafish neuralation.,['4423559'],"['4423559', '22178316', '14333540', '5395426', '18575183']",1.0,1.0,"['4423559', '5395426', '17017465', '18575183', '22178316']",1.0,1.0,"['4423559', '5395426', '17017465', '6268106', '18575183']",1.0,1.0
443,GATA-3 is important for hematopoietic stem cell (HSC) function.,['10165258'],"['10165258', '12462961', '9911547', '29125354', '5415832']",1.0,1.0,"['10165258', '13980338', '13116880', '5415832', '11900630']",1.0,1.0,"['10165258', '9911547', '19583924', '2853291', '11289247']",1.0,1.0
452,Gene expression does not vary appreciably across genetically identical cells.,"['12804937', '464511']","['8290760', '12804937', '2380002', '16237005', '37437064']",0.5,0.5,"['8290760', '1669173', '12804937', '42106119', '16237005']",0.5,0.3333333333333333,"['16237005', '9154703', '9196472', '12804937', '4632921']",0.5,0.25
475,Glycolysis is one of the primary glycometabolic pathways in cells.,['18678095'],"['2919030', '195689757', '18810195', '23576165', '35543846']",0.0,0.0,"['195689757', '2919030', '7560876', '23576165', '19205437']",0.0,0.0,"['18678095', '18810195', '195689757', '23576165', '8724666']",1.0,1.0
478,Golli-deficient T-cells prefer to differentiate into an anergic phenotype in the adaptive immune response when there are increased levels of Ca2+ in the cytosol.,['14767844'],"['14767844', '34854444', '1550937', '6163801', '5508750']",1.0,1.0,"['34854444', '14767844', '1605392', '10562341', '1550937']",1.0,0.5,"['34854444', '14767844', '13798951', '1550937', '5508750']",1.0,0.5
491,HNF4A mutations can cause diabetes in mutant carriers by the age of 14 years,['56893404'],"['56893404', '5567005', '3052213', '14864285', '13450938']",1.0,1.0,"['56893404', '8524891', '5567005', '3052213', '1576955']",1.0,1.0,"['56893404', '834336', '1576955', '43311750', '24144677']",1.0,1.0
501,Headaches are not correlated with cognitive impairment.,['17930286'],"['17930286', '24510595', '23785605', '8570317', '24865781']",1.0,1.0,"['17930286', '24865781', '24510595', '6191684', '23785605']",1.0,1.0,"['17930286', '24865781', '21274919', '42095718', '6191684']",1.0,1.0
502,"Healthcare delivery efficiency in crowded delivery centers is impaired by improving structural, logistical, and interpersonal elements.",['13071728'],"['3580005', '38180456', '40905302', '17626822', '2276126']",0.0,0.0,"['70516463', '3580005', '13906581', '38180456', '41256402']",0.0,0.0,"['70516463', '10854174', '11748341', '13906581', '38180456']",0.0,0.0
507,Helminths interfere with immune system control of macrophages activated by IL-4 favor Mycobacterium tuberculosis replication.,['30774694'],"['7433668', '30774694', '21878751', '11837657', '21498497']",1.0,0.5,"['7433668', '30774694', '26751583', '11837657', '16066726']",1.0,0.5,"['7433668', '30774694', '16066726', '11837657', '1386103']",1.0,0.5
508,Hematopoietic Stem Cell purification reaches purity rate of up to 50%.,['13980338'],"['25985964', '14550841', '25516011', '40234452', '18374364']",0.0,0.0,"['14550841', '104143831', '25985964', '25516011', '11900630']",0.0,0.0,"['25516011', '623486', '40234452', '11900630', '10165258']",0.0,0.0
513,High cardiopulmonary fitness causes increased mortality rate.,['13230773'],"['13230773', '24918110', '12770738', '11630388', '2032877']",1.0,1.0,"['13230773', '14021596', '24918110', '11441172', '12770738']",1.0,1.0,"['12770738', '13230773', '6525844', '24918110', '11630388']",1.0,0.5
514,High dietary calcium intakes are unnecessary for prevention of secondary hyperparathyroidism in subjects with 25(OH)D levels above 75 nmol/liter.,['16256507'],"['16256507', '30720103', '26409363', '9555784', '3034412']",1.0,1.0,"['16256507', '22023404', '30720103', '4462079', '3150030']",1.0,1.0,"['30720103', '16256507', '9555784', '3034412', '4462079']",1.0,0.5
516,High levels of CRP reduces the risk of exacerbations in chronic obstructive pulmonary disease (COPD).,['29564505'],"['40935722', '29564505', '21287352', '2032877', '18988265']",1.0,0.5,"['29564505', '40935722', '18988265', '21003930', '2032877']",1.0,1.0,"['29564505', '2032877', '20109325', '21287352', '18988265']",1.0,1.0
517,High levels of copeptin decrease risk of diabetes.,['15663829'],"['19658917', '25135304', '11481946', '20288322', '38028419']",0.0,0.0,"['19658917', '25135304', '23577867', '34054472', '11481946']",0.0,0.0,"['15663829', '34054472', '19658917', '23577867', '31890716']",1.0,1.0
521,High-sensitivity cardiac troponin T (HSCT-T) dosage may not be diagnostic if the onset of symptoms occurs less than 3 hours before acute myocardial injury (AMI).,['34873974'],"['34873974', '29526125', '3056682', '25028913', '14361849']",1.0,1.0,"['34873974', '3056682', '29526125', '34054472', '14361849']",1.0,1.0,"['34873974', '29526125', '25028913', '3056682', '3078080']",1.0,1.0
525,Histone demethylase recruitment and a transient decrease in histone methylation is necessary for ligand-dependent induction of transcription by nuclear receptors.,['13639330'],"['13639330', '8548635', '4547102', '2754534', '27134931']",1.0,1.0,"['13639330', '8548635', '2151983', '4547102', '29788648']",1.0,1.0,"['13639330', '2151983', '29788648', '23195302', '8548635']",1.0,1.0
527,Homozygous deletion of murine Sbds gene from osterix-expressing mesenchymal stem and progenitor cells (MPCs) prevents oxidative stress.,['3863543'],"['1617327', '21645205', '27822315', '22843616', '4410181']",0.0,0.0,"['1617327', '21645205', '3863543', '24713020', '27822315']",1.0,0.3333333333333333,"['1617327', '4366738', '21645205', '27822315', '35684881']",0.0,0.0
528,Human T-lymphotropic virus type-I-associated myelopathy / tropical spastic paraparesis (HAM/TSP) patients produce Immunoglobulin G (IgG) antibodies which cross-react with an immunodominant epitope in Tax.,['5476778'],"['5476778', '23326722', '1471041', '13322804', '10450300']",1.0,1.0,"['5476778', '23326722', '1471041', '8325952', '24512064']",1.0,1.0,"['5476778', '23326722', '24512064', '23985464', '10450300']",1.0,1.0
532,Hyperfibrinogenemia decreases rates of femoropopliteal bypass thrombosis.,['12991445'],"['12991445', '23783727', '29981186', '44387884', '11718220']",1.0,1.0,"['12991445', '13625993', '23783727', '79231308', '40156901']",1.0,1.0,"['12991445', '79231308', '39059143', '34338075', '1387104']",1.0,1.0
533,Hyperfibrinogenemia increases rates of femoropopliteal bypass thrombosis.,['12991445'],"['12991445', '23783727', '44387884', '29981186', '11718220']",1.0,1.0,"['12991445', '79231308', '23783727', '13625993', '40156901']",1.0,1.0,"['12991445', '1387104', '39059143', '79231308', '23783727']",1.0,1.0
535,Hypertension is frequently observed in type 1 diabetes patients.,['39368721'],"['39368721', '3801693', '6176498', '5567005', '2138843']",1.0,1.0,"['2138843', '39368721', '27428509', '8325952', '3801693']",1.0,0.5,"['2138843', '1538080', '8325952', '27428509', '11953232']",0.0,0.0
536,Hypocretin neurones induce panicprone state in rats.,['16056514'],"['16056514', '25440070', '2158500', '41911192', '6123521']",1.0,1.0,"['16056514', '17097974', '12903921', '25440070', '14192687']",1.0,1.0,"['16056514', '27022864', '306311', '14419116', '13380011']",1.0,1.0
539,Hypoglycemia increases the risk of dementia.,['13282296'],"['13282296', '11953232', '37583120', '21472388', '14682243']",1.0,1.0,"['13282296', '21472388', '11953232', '13933299', '37583120']",1.0,1.0,"['13282296', '13933299', '41264017', '37583120', '21472388']",1.0,1.0
540,Hypothalamic glutamate neurotransmission is crucial to energy balance.,"['11886686', '25007443']","['45154987', '14782049', '2225918', '15657779', '23869951']",0.0,0.0,"['14782049', '2225918', '45154987', '17150648', '3085264']",0.0,0.0,"['17150648', '14782049', '2225918', '11886686', '3085264']",0.5,0.25
544,IFIT1 restricts viral replication by sequestrating mis-capped viral RNAs.,['24221369'],"['15419873', '10627801', '26731863', '1970884', '24221369']",1.0,0.2,"['1970884', '15419873', '2566674', '11784947', '10559501']",0.0,0.0,"['7944381', '10559501', '1970884', '11784947', '44366096']",0.0,0.0
549,IRG1 has antiviral effects against neurotropic viruses.,['9433958'],"['9433958', '3107733', '7155555', '7820043', '24922825']",1.0,1.0,"['9433958', '1970884', '3107733', '7155555', '7820043']",1.0,1.0,"['9433958', '2274272', '7820043', '3107733', '30437264']",1.0,1.0
551,ITAM phosphorylation prevents the transfer of the T cell receptor (TCR) signal from the echo-domain to the cytoplasmic tail of the T cell receptor (TCR).,['33499189'],"['8903143', '6163801', '41982985', '33499189', '994800']",1.0,0.25,"['8903143', '33499189', '6163801', '41982985', '10906636']",1.0,0.5,"['8903143', '33499189', '18758057', '2714623', '5914739']",1.0,0.5
552,IgA plasma cells that are specific for transglutaminase 2 accumulate in the duodenal mucosa on commencement of a gluten-free diet.,['1471041'],"['1471041', '13578199', '27772649', '21060008', '14340571']",1.0,1.0,"['1471041', '27772649', '13578199', '21060008', '10675756']",1.0,1.0,"['1471041', '17695748', '13578199', '44420873', '27772649']",1.0,1.0
554,Immune complex triggered cell death leads to extracellular release of neutrophil protein HMGB1.,['1049501'],"['52925737', '3330111', '11837657', '29399239', '9878167']",0.0,0.0,"['28015516', '52925737', '1049501', '29399239', '11837657']",1.0,0.3333333333333333,"['11837657', '9878167', '29399239', '52925737', '1049501']",1.0,0.2
560,Immune responses result in the development of inflammatory Th17 cells and anti-inflammatory iTregs.,['40096222'],"['11233339', '1855679', '40312663', '45096063', '13798951']",0.0,0.0,"['13798951', '11233339', '2844490', '3981033', '1855679']",0.0,0.0,"['11233339', '1022115', '2844490', '40312663', '13398997']",0.0,0.0
569,"In adult tissue, most T cells are memory T cells.",['23460562'],"['5508750', '6961811', '23460562', '991137', '3155731']",1.0,0.3333333333333333,"['23460562', '5508750', '3155731', '7492250', '6961811']",1.0,1.0,"['23460562', '3155731', '5508750', '10765888', '37311371']",1.0,1.0
575,"In domesticated populations of Saccharomyces cerevisiae, whole chromosome aneuploidy is very uncommon.",['10300888'],"['4421746', '9548440', '36066871', '10300888', '8250852']",1.0,0.25,"['10300888', '4421746', '8747771', '8250852', '9548440']",1.0,1.0,"['10300888', '9704467', '9548440', '26083387', '1631583']",1.0,1.0
577,"In mice, P. chabaudi parasites are able to proliferate faster early in infection when inoculated at lower numbers than when inoculated at high numbers.",['5289038'],"['8133050', '21392703', '1852826', '5289038', '26474812']",1.0,0.25,"['8133050', '21392703', '23305884', '1852826', '5289038']",1.0,0.2,"['8133050', '24705390', '3930020', '21392703', '35321950']",0.0,0.0
578,"In mouse models, the loss of CSF1R facilitates MOZ-TIF2-induced leuekmogenesis.",['8764879'],"['8764879', '33796570', '18882947', '22358449', '23418635']",1.0,1.0,"['8764879', '11255504', '33796570', '6910577', '10463997']",1.0,1.0,"['8764879', '10698739', '18882947', '4394817', '9614443']",1.0,1.0
587,"In transgenic mice harboring green florescent protein under the control of the Sox2 promoter, less than ten percent of the cells with green florescent colocalize with cell proliferation markers.",['16999023'],"['471735', '2682251', '5085118', '14191255', '7142113']",0.0,0.0,"['16999023', '471735', '5085118', '2559303', '2682251']",1.0,1.0,"['40558887', '7142113', '854417', '16999023', '5085118']",1.0,0.25
589,"In young and middle-aged adults, current or remote uses of ADHD medications do not increase the risk of serious cardiovascular events.",['10984005'],"['10984005', '1831916', '24625323', '40996863', '2475059']",1.0,1.0,"['10984005', '1831916', '25451374', '17914395', '24625323']",1.0,1.0,"['10984005', '25451374', '752423', '5698494', '8596837']",1.0,1.0
593,Incidence of heart failure decreased by 10% in women since 1979.,['19675911'],"['19675911', '13481731', '20945963', '31889025', '5884524']",1.0,1.0,"['19675911', '13481731', '20945963', '33533307', '31889025']",1.0,1.0,"['19675911', '31889025', '4506414', '36355784', '5884524']",1.0,1.0
597,Incidence rates of cervical cancer have decreased.,"['12779444', '36355784', '25742130']","['12779444', '46695481', '25742130', '36355784', '23136735']",1.0,1.0,"['25742130', '36355784', '12779444', '46695481', '5433667']",1.0,1.0,"['36355784', '23136735', '27446873', '5433667', '12779444']",0.6666666666666666,1.0
598,Incidence rates of cervical cancer have increased due to nationwide screening programs based primarily on cytology to detect uterine cervical cancer.,['25742130'],"['27446873', '27873158', '6561200', '46695481', '36355784']",0.0,0.0,"['27446873', '36355784', '46695481', '27873158', '6561200']",0.0,0.0,"['27446873', '6561200', '36355784', '46695481', '27873158']",0.0,0.0
613,Increased microtubule acetylation repairs LRRK2 Roc-COR domain mutation induced locomotor deficits.,['9638032'],"['9638032', '1371440', '1897324', '7549811', '4920376']",1.0,1.0,"['9638032', '21465696', '1371440', '143251', '1897324']",1.0,1.0,"['9638032', '21465696', '42035464', '29788648', '16056410']",1.0,1.0
619,Increased vessel density along with a reduction in fibrosis decreases the efficacy of chemotherapy treatments.,"['20888849', '2565138']","['6334188', '21258863', '5573975', '37578311', '10812605']",0.0,0.0,"['6540064', '6334188', '15381976', '21258863', '6374918']",0.0,0.0,"['6374918', '11246427', '15381976', '28910120', '21258863']",0.0,0.0
623,Individuals with low serum vitamin D concentrations have increased risk of multiple sclerosis.,['17000834'],"['22843838', '23267371', '25599283', '275294', '36960449']",0.0,0.0,"['25599283', '22843838', '12074066', '23267371', '2425364']",0.0,0.0,"['25599283', '2425364', '4462079', '22843838', '12074066']",0.0,0.0
628,Infection of human T-cell lymphotropic virus type 1 is most frequent in individuals of African origin.,['24512064'],"['29134911', '601033', '18938992', '24512064', '28738741']",1.0,0.25,"['5476778', '29134911', '601033', '23985464', '24512064']",1.0,0.2,"['29134911', '24512064', '20996244', '37444589', '21274496']",1.0,0.5
636,"Inositol lipid 3-phosphatase PTEN converts Ptdlns(3,4)P 2 into phosphatidylinositol 4-phosphate.",['24294572'],"['24294572', '42708716', '14328288', '22025252', '19752008']",1.0,1.0,"['42708716', '24294572', '22025252', '14328288', '19752008']",1.0,0.5,"['24294572', '19752008', '14328288', '42708716', '22025252']",1.0,1.0
637,Input from  mental and physical health care professionals is effective at decreasing homelessness.,['25649714'],"['31019903', '154243324', '25649714', '33135135', '6129301']",1.0,0.3333333333333333,"['31019903', '31612088', '6129301', '154243324', '25649714']",1.0,0.2,"['6129301', '25649714', '31019903', '154243324', '20334484']",1.0,0.5
641,Insomnia can be effectively treated with cognitive behavioral therapy.,"['5912283', '31554917']","['5912283', '24346598', '17973630', '21373821', '31554917']",1.0,1.0,"['5912283', '24346598', '24865781', '17973630', '31554917']",1.0,1.0,"['5912283', '24159217', '24865781', '1495563', '7627167']",0.5,1.0
644,Insulin increases risk of severe kidney failure.,['13619127'],"['8839502', '17324544', '27449472', '195352', '11481946']",0.0,0.0,"['13619127', '8839502', '27449472', '24921368', '17324544']",1.0,1.0,"['13619127', '24921368', '23377475', '27449472', '8868863']",1.0,1.0
649,Integrating classroom-based collaborative learning with Web-based collaborative learning leads to subpar class performance,['12789595'],"['12789595', '38664102', '7757997', '1283401', '24159217']",1.0,1.0,"['12789595', '1542437', '20375264', '24159217', '13771184']",1.0,1.0,"['12789595', '24159217', '11253758', '1283401', '39291138']",1.0,1.0
659,Ivermectin is used to treat lymphatic filariasis.,['1215116'],"['1215116', '34481589', '15948830', '30492966', '13070316']",1.0,1.0,"['1215116', '13070316', '17327939', '34481589', '15948830']",1.0,1.0,"['13070316', '34481589', '1215116', '7370282', '9614443']",1.0,0.3333333333333333
660,Ivermectin is used to treat onchocerciasis.,['1215116'],"['9614443', '37628989', '23349986', '34544514', '21700295']",0.0,0.0,"['9614443', '1215116', '37628989', '32777637', '23349986']",1.0,0.5,"['34544514', '19205326', '21700295', '30101891', '37628989']",0.0,0.0
674,LDL cholesterol has no involvement in the development of cardiovascular disease.,['2095573'],"['15360986', '7662206', '2095573', '9814332', '15561961']",1.0,0.3333333333333333,"['2095573', '15360986', '7662206', '30981192', '9814332']",1.0,1.0,"['2095573', '30981192', '7757997', '7662206', '970012']",1.0,1.0
684,Lack of clpC does not affect sporulation efficiency in Bacillus subtilis cells.,['4942718'],"['12881593', '34386619', '4942718', '35085326', '17416520']",1.0,0.3333333333333333,"['34386619', '12881593', '4942718', '35085326', '24706198']",1.0,0.3333333333333333,"['12881593', '17416520', '34386619', '4942718', '35085326']",1.0,0.25
690,Less than 10% of the gabonese children with Schimmelpenning-Feuerstein-Mims syndrome (SFM) had a plasma lactate of more than 5mmol/L.,['18750453'],"['2344892', '15692098', '35811036', '21502234', '28592273']",0.0,0.0,"['18174210', '2344892', '15692098', '52874170', '35811036']",0.0,0.0,"['18750453', '25420421', '18256197', '18174210', '15692098']",1.0,1.0
691,Leukemia associated Rho guanine nucleotide-exchange factor represses RhoA in response to SRC activation.,['10991183'],"['24881307', '29073751', '22623275', '2686003', '885056']",0.0,0.0,"['24881307', '14461101', '29073751', '10991183', '33076846']",1.0,0.25,"['10991183', '33076846', '14461101', '24881307', '4373445']",1.0,1.0
692,Leuko-increased blood increases infectious complications in red blood cell transfusion.,['24088502'],"['24088502', '11156883', '623486', '20608982', '8137081']",1.0,1.0,"['24088502', '36288526', '3001685', '27049238', '11156883']",1.0,1.0,"['24088502', '36288526', '8137081', '7850867', '11156883']",1.0,1.0
693,Leuko-reduced blood reduces infectious complications in red blood cell transfusion.,['24088502'],"['24088502', '623486', '7850867', '11156883', '20608982']",1.0,1.0,"['24088502', '36288526', '7850867', '623486', '21392703']",1.0,1.0,"['24088502', '7850867', '36288526', '3698758', '118568']",1.0,1.0
700,Localization of PIN1 in the Arabidopsis embryo does not require VPS9a,['4350400'],"['4350400', '16557565', '86602746', '1669173', '38675228']",1.0,1.0,"['4350400', '16557565', '38675228', '19950357', '86602746']",1.0,1.0,"['4350400', '16557565', '1669173', '6333347', '19950357']",1.0,1.0
702,Localization of PIN1 in the roots of Arabidopsis does not require VPS9a,['4350400'],"['4350400', '16557565', '38675228', '1669173', '86602746']",1.0,1.0,"['4350400', '38675228', '16557565', '19950357', '14797520']",1.0,1.0,"['4350400', '16557565', '38675228', '20868160', '19950357']",1.0,1.0
715,Low expression of miR7a does represses target genes and exerts a biological function in ovaries.,['18421962'],"['19047331', '13290521', '19358586', '1727493', '53211308']",0.0,0.0,"['20028729', '19047331', '13290521', '15058155', '15635366']",0.0,0.0,"['2000038', '10024681', '37438296', '53211308', '14581009']",0.0,0.0
716,Low expression of miR7a exerts a biological function in testis.,['18421962'],"['13290521', '14581009', '12440953', '9159495', '86602746']",0.0,0.0,"['13290521', '15058155', '4388470', '27949347', '17209919']",0.0,0.0,"['13290521', '14581009', '2619579', '86602746', '15521377']",0.0,0.0
718,Low nucleosome occupancy correlates with low methylation levels across species.,['17587795'],"['17587795', '15778034', '7488455', '25254425', '3346812']",1.0,1.0,"['17587795', '23208167', '15778034', '22038539', '175735']",1.0,1.0,"['17587795', '22038539', '4679264', '23208167', '175735']",1.0,1.0
721,Lupus-prone mice infected with curliproducing bacteria have higher autoantibody titers compared to controls.,['1834762'],"['1834762', '14853989', '9784254', '5476778', '97884']",1.0,1.0,"['1834762', '14853989', '12670680', '9784254', '10559501']",1.0,1.0,"['1834762', '10559501', '12670680', '42782688', '35321950']",1.0,1.0
723,Ly49Q directs the organization of neutrophil migration to inflammation sites by regulating membrane raft functions.,['5531479'],"['5531479', '20608982', '1871230', '3330111', '43054703']",1.0,1.0,"['5531479', '20608982', '28712203', '3330111', '1871230']",1.0,1.0,"['5531479', '20608982', '1871230', '381602', '15248287']",1.0,1.0
727,Ly6C hi monocytes have a lower inflammatory capacity compared to their Ly6C lo counterparts.,['7521113'],"['36444198', '22406695', '7521113', '17934603', '16488405']",1.0,0.3333333333333333,"['22406695', '36444198', '7521113', '12370881', '7948486']",1.0,0.3333333333333333,"['22406695', '36444198', '12370881', '7948486', '7521113']",1.0,0.2
728,Ly6C hi monocytes have a lower inflammatory capacity than Ly6C lo monocytes.,"['7521113', '36444198']","['36444198', '22406695', '7521113', '17934603', '22621251']",1.0,1.0,"['22406695', '36444198', '7521113', '12370881', '14492339']",1.0,0.5,"['22406695', '36444198', '12370881', '22621251', '7521113']",1.0,0.5
729,Lymphadenopathy is observed in knockin mouse lacking the SHP-2 MAPK pathway.,['26851674'],"['26851674', '13778710', '14407673', '56528795', '1336292']",1.0,1.0,"['26851674', '18038250', '13778710', '14407673', '4422868']",1.0,1.0,"['26851674', '18038250', '29288582', '56528795', '6374918']",1.0,1.0
742,Macrolides have no protective effect against myocardial infarction.,['32159283'],"['32159283', '3272084', '6853699', '3898784', '43048059']",1.0,1.0,"['32159283', '3272084', '20526907', '6853699', '44384384']",1.0,1.0,"['32159283', '10576136', '6853699', '43629704', '22281684']",1.0,1.0
743,Macrolides protect against myocardial infarction.,['32159283'],"['32159283', '8290953', '6853699', '6270720', '44264297']",1.0,1.0,"['32159283', '8290953', '10576136', '6853699', '34873974']",1.0,1.0,"['32159283', '3984231', '6853699', '10576136', '43629704']",1.0,1.0
744,Macropinocytosis contributes to a cell's supply of amino acids via the intracellular uptake of protein.,['8460275'],"['6454371', '8460275', '4138659', '20943272', '1546650']",1.0,0.5,"['4138659', '8460275', '6454371', '23895668', '3105781']",1.0,0.5,"['4138659', '8460275', '6454371', '23895668', '6722522']",1.0,0.5
756,Many proteins in human cells can be post-translationally modified at lysine residues via acetylation.,['2831620'],"['27134527', '8646760', '2831620', '17919731', '12172346']",1.0,0.3333333333333333,"['27134527', '17919731', '8646760', '2831620', '3230361']",1.0,0.25,"['27134527', '17919731', '25901598', '2831620', '12217662']",1.0,0.25
759,Mathematical models predict that using Artemisinin-based combination therapy over nongametocytocidal drugs have a dramatic impact in reducing malaria transmission.,['1805641'],"['1805641', '3929361', '12409683', '13948920', '6503185']",1.0,1.0,"['1805641', '3929361', '12409683', '13948920', '19824183']",1.0,1.0,"['1805641', '12409683', '10617916', '18074797', '3929361']",1.0,1.0
768,Mercaptopurine is anabolized into the inactive methylmercaptopurine by thiopurine methyltrasnferase (TPMT).,['6421792'],"['1373287', '12217662', '3230361', '12622860', '4999633']",0.0,0.0,"['1373287', '19497526', '12217662', '3230361', '6421792']",1.0,0.2,"['1373287', '19497526', '6421792', '3230361', '80522346']",1.0,0.3333333333333333
770,Metastatic colorectal cancer treated with a single agent fluoropyrimidines resulted in reduced efficacy and lower quality of life when compared with oxaliplatin-based chemotherapy in elderly patients.,['15476777'],"['15476777', '2492146', '2328272', '7165938', '2058909']",1.0,1.0,"['15476777', '2492146', '7165938', '195680777', '20606520']",1.0,1.0,"['15476777', '2492146', '52180874', '24974080', '24873253']",1.0,1.0
775,Mice defective for deoxyribonucleic acid (DNA) polymerase I (polI) reveal increased sensitivity to ionizing radiation (IR).,['32275758'],"['27635177', '31293581', '11569583', '43014661', '13025574']",0.0,0.0,"['27635177', '12552297', '31293581', '11569583', '3173489']",0.0,0.0,"['43014661', '11569583', '12552297', '27635177', '31293581']",0.0,0.0
781,Mice that lack Interferon-γ or its receptor exhibit high resistance to experimental autoimmune myocarditis.,['24338780'],"['24338780', '8246922', '40632104', '39084565', '6270720']",1.0,1.0,"['8246922', '24338780', '40632104', '39084565', '22908536']",1.0,0.5,"['24338780', '8246922', '854417', '40632104', '1386103']",1.0,1.0
783,Mice without IFN-γ or its receptor are resistant to EAM induced with α-MyHC/CFA.,['40632104'],"['24338780', '8246922', '854417', '39084565', '6270720']",0.0,0.0,"['39084565', '24338780', '8246922', '6270720', '854417']",0.0,0.0,"['8246922', '854417', '39084565', '7115651', '24338780']",0.0,0.0
784,MicroRNA is involved in the regulation of Neural Stem Cell (NSC) differentiation and proliferation dynamic homeostasis,['2356950'],"['16627684', '2356950', '13290521', '23727313', '6285534']",1.0,0.5,"['2356950', '16627684', '23535770', '6285534', '23727313']",1.0,1.0,"['2356950', '15176526', '28704738', '2547636', '23535770']",1.0,1.0
785,Microarray results from culture-amplified mixtures of serotypes correlate poorly with microarray results from uncultured mixtures.,['12471115'],"['12471115', '54440', '24979644', '31543713', '7396492']",1.0,1.0,"['12471115', '54440', '15274349', '24979644', '3730196']",1.0,1.0,"['12471115', '54440', '15274349', '25001628', '25452937']",1.0,1.0
793,Mitochondria are uninvolved in apoptosis.,['8551160'],"['8551160', '23403754', '20456030', '23513818', '28249680']",1.0,1.0,"['8551160', '23403754', '28249680', '7465900', '8654183']",1.0,1.0,"['23403754', '8551160', '8654183', '28249680', '39381118']",1.0,0.5
800,Modifying the epigenome in the brain affects the normal human aging process by affecting certain genes related to neurogenesis.,['22543403'],"['6040392', '22264117', '9291668', '1848452', '22551259']",0.0,0.0,"['7988832', '6040392', '22264117', '9291668', '4679264']",0.0,0.0,"['22543403', '9291668', '22551259', '22264117', '4679264']",1.0,1.0
805,Monoclonal antibody targeting of N-cadherin inhibits metastasis.,['22180793'],"['22180793', '17188921', '3118719', '14149065', '3727986']",1.0,1.0,"['22180793', '17188921', '25543207', '3727986', '4373433']",1.0,1.0,"['22180793', '3727986', '7343711', '1454773', '13235609']",1.0,1.0
808,Most termination events in Okazaki fragments are sequence specific.,['36606083'],"['36606083', '25787749', '20821402', '15478227', '31514338']",1.0,1.0,"['36606083', '25787749', '31514338', '20821402', '17731780']",1.0,1.0,"['36606083', '25787749', '17731780', '31514338', '23664875']",1.0,1.0
811,Mutant mice lacking SVCT2 have greatly increased ascorbic acid levels in both brain and adrenals.,['19799455'],"['19799455', '23868856', '15347087', '317204', '13293033']",1.0,1.0,"['19799455', '23868856', '17081238', '10627801', '15347087']",1.0,1.0,"['19799455', '13001323', '11886686', '8698208', '2601324']",1.0,1.0
814,"Mutations in G-Beta protein GNB2 are present in many cancers, resulting in loss of interaction with G-alpha subunits and concomitant activation of AKT pathway.",['33387953'],"['33387953', '85665741', '6923961', '21307488', '3590806']",1.0,1.0,"['33387953', '13329980', '11615242', '14241418', '21307488']",1.0,1.0,"['33387953', '85665741', '14241418', '22036571', '4422868']",1.0,1.0
820,N-terminal cleavage increases success identifying transcription start sites.,['8646760'],"['4305576', '36904081', '17539488', '33792330', '24550453']",0.0,0.0,"['8712839', '4305576', '36904081', '25175223', '15879544']",0.0,0.0,"['5116145', '25175223', '8712839', '4387494', '19238']",0.0,0.0
821,N-terminal cleavage reduces success identifying transcription start sites.,['8646760'],"['4305576', '36904081', '17539488', '33792330', '24550453']",0.0,0.0,"['8712839', '4305576', '36904081', '25175223', '15879544']",0.0,0.0,"['25175223', '5116145', '8712839', '15879544', '19238']",0.0,0.0
823,N348I mutations cause resistance to zidovudine (AZT).,['15319019'],"['15319019', '2319305', '9505402', '6421792', '6426919']",1.0,1.0,"['15319019', '2319305', '9505402', '39443128', '25014337']",1.0,1.0,"['15319019', '2319305', '9505402', '39443128', '25014337']",1.0,1.0
830,NF2 (Merlin) causes phosphorylation and subsequent cytoplasmic sequestration of YAP in Drosophila by activating LATS1/2 kinases.,['1897324'],"['12737132', '9638032', '11535539', '8417211', '18810195']",0.0,0.0,"['12737132', '52873726', '11535539', '9638032', '4447785']",0.0,0.0,"['52873726', '23078022', '23634484', '4447785', '5389095']",0.0,0.0
831,NF2 (Merlin) prevents phosphorylation and subsequent cytoplasmic sequestration of YAP in Drosophila.,['1897324'],"['12737132', '9638032', '25623469', '11535539', '29467201']",0.0,0.0,"['12737132', '4324278', '9638032', '11535539', '25623469']",0.0,0.0,"['52873726', '14171859', '4324278', '23634484', '29467201']",0.0,0.0
832,NFAT4 activation requires IP3R-mediated Ca2+ mobilization.,['30303335'],"['30303335', '6936141', '29362104', '19561411', '24670522']",1.0,1.0,"['30303335', '29362104', '6936141', '12948892', '7869794']",1.0,1.0,"['30303335', '1605392', '19561411', '29362104', '37964706']",1.0,1.0
834,NOX2-independent pathways can generate peroxynitrite by reacting with nitrogen intermediates.,['5483793'],"['13823200', '23122306', '14848619', '8536018', '23100962']",0.0,0.0,"['23122306', '13823200', '7155555', '22623275', '14848619']",0.0,0.0,"['23100962', '23122306', '12631182', '6580081', '4324278']",0.0,0.0
837,NR5A2 is important in development of endometrial tissues.,['15928989'],"['16346504', '15928989', '26121646', '9239963', '3210545']",1.0,0.5,"['15928989', '16346504', '1780819', '6121668', '26121646']",1.0,1.0,"['1780819', '15928989', '6121668', '16346504', '9239963']",1.0,0.5
839,Nanoparticles can be targeted against specific cell types by incorporating aptamers into lipid nanoparticles.,['1469751'],"['1469751', '25435456', '6219790', '22482820', '17327939']",1.0,1.0,"['1469751', '17327939', '25435456', '6219790', '8182950']",1.0,1.0,"['1469751', '17327939', '6219790', '13923069', '8182950']",1.0,1.0
845,Neutrophil extracellular traps (NETs) are released by ANCA-stimulated neutrophils.,['17741440'],"['9878167', '29399239', '2236768', '43054703', '12058271']",0.0,0.0,"['9878167', '17741440', '29399239', '1049501', '2236768']",1.0,0.5,"['17741440', '9878167', '2236768', '1049501', '29399239']",1.0,1.0
847,New drugs for tuberculosis often do not penetrate the necrotic portion of a tuberculosis lesion in high concentrations.,['16787954'],"['16787954', '341324', '32023005', '4424888', '21479231']",1.0,1.0,"['16787954', '341324', '4424888', '32023005', '16066726']",1.0,1.0,"['16787954', '4424888', '32023005', '341324', '5284188']",1.0,1.0
852,Non-invasive ventilation use should be decreased if there is inadequate response to conventional treatment.,['13843341'],"['13843341', '474325', '8190282', '26611094', '25761154']",1.0,1.0,"['13843341', '474325', '8190282', '14361849', '26611094']",1.0,1.0,"['13843341', '474325', '8190282', '14361849', '40867854']",1.0,1.0
859,Normal expression of RUNX1 has tumor-promoting effects.,['1982286'],"['1982286', '9076196', '22049489', '825728', '243694']",1.0,1.0,"['22049489', '1982286', '16364639', '6650933', '9076196']",1.0,0.5,"['22049489', '1982286', '16364639', '57783564', '7165938']",1.0,0.5
870,Obesity decreases life quality.,['195689316'],"['31564409', '4345757', '34121231', '41310252', '25183830']",0.0,0.0,"['11414664', '31564409', '43220289', '4345757', '12584053']",0.0,0.0,"['4345757', '43220289', '41310252', '1831916', '79447']",0.0,0.0
873,Obesity is determined solely by environmental factors.,"['1180972', '19307912', '27393799', '29025270', '3315558']","['31564409', '4345757', '41310252', '29025270', '3315558']",0.4,0.25,"['52805891', '31564409', '27686445', '4345757', '41310252']",0.0,0.0,"['29025270', '52805891', '41310252', '12658073', '4345757']",0.2,1.0
879,Occupancy of ribosomes by IncRNAs do not make functional peptides.,['8426046'],"['8426046', '24737389', '26112624', '7487927', '3052642']",1.0,1.0,"['8426046', '24737389', '8512633', '6669242', '26112624']",1.0,1.0,"['8426046', '15893330', '8512633', '22896970', '24335068']",1.0,1.0
880,Occupancy of ribosomes by IncRNAs mirror 5 0-UTRs,['8426046'],"['8426046', '24737389', '7487927', '18467982', '26112624']",1.0,1.0,"['8426046', '26047921', '24737389', '6670101', '18467982']",1.0,1.0,"['8426046', '18467982', '20725212', '6670101', '8327914']",1.0,1.0
882,Omnivores produce less trimethylamine N-oxide from dietary I-carnitine than vegetarians.,['14803797'],"['14803797', '6327940', '12709184', '44624045', '168265642']",1.0,1.0,"['14803797', '6327940', '33684572', '12709184', '168265642']",1.0,1.0,"['14803797', '33684572', '6793674', '6327940', '12709184']",1.0,1.0
887,Only a minority of cells survive development after differentiation into stress-resistant spores.,['18855191'],"['2140513', '16712164', '27995781', '6599693', '7029990']",0.0,0.0,"['2140513', '16728949', '4942718', '16712164', '18855191']",1.0,0.2,"['2140513', '16728949', '17991818', '9122283', '3173489']",0.0,0.0
903,PD-1 triggering on monocytes reduces IL-10 production by monocytes.,['10648422'],"['10648422', '5752492', '8639034', '26068103', '37762357']",1.0,1.0,"['10648422', '26068103', '5752492', '37762357', '13905670']",1.0,1.0,"['10648422', '9334631', '34469966', '5752492', '8639034']",1.0,1.0
904,PDPN promotes efficient motility along stromal surfaces by activating the C-type lectin receptor to rearrange the actin cytoskeleton in dendritic cells.,['7370282'],"['7370282', '5700349', '15491404', '4417558', '8997410']",1.0,1.0,"['7370282', '5700349', '8997410', '4417558', '15491404']",1.0,1.0,"['7370282', '23160444', '5700349', '29073751', '6767271']",1.0,1.0
907,PGE 2 promotes intestinal tumor growth by altering the expression of tumor suppressing and DNA repair genes.,['6923961'],"['6923961', '21181273', '57783564', '4422868', '25238950']",1.0,1.0,"['6923961', '14332945', '21181273', '5824955', '25238950']",1.0,1.0,"['6923961', '57783564', '21181273', '21307488', '25238950']",1.0,1.0
911,PKG-la plays an essential role in expression of pain hypersensitivity in PGK-la knockout mice.,['11254556'],"['11254556', '10666475', '19843244', '58006489', '12130690']",1.0,1.0,"['11254556', '10666475', '12130690', '14188138', '19843244']",1.0,1.0,"['11254556', '14188138', '12130690', '58006489', '10666475']",1.0,1.0
913,PPAR-RXRs are inhibited by PPAR ligands.,['3203590'],"['22116439', '23938319', '16826810', '3203590', '9956893']",1.0,0.25,"['25677651', '22116439', '23938319', '712078', '16826810']",0.0,0.0,"['56486733', '25328476', '9956893', '712078', '23938319']",0.0,0.0
914,PPAR-RXRs can be activated by PPAR ligands.,['3203590'],"['16826810', '23938319', '22116439', '3203590', '11256632']",1.0,0.25,"['23938319', '16826810', '712078', '22116439', '25328476']",0.0,0.0,"['25328476', '712078', '23938319', '9956893', '22478394']",0.0,0.0
921,Participating in six months of physical activity improves cognitive functioning.,['1642727'],"['1642727', '6647414', '2424794', '17691617', '50670403']",1.0,1.0,"['1642727', '37156349', '17691617', '6647414', '15041758']",1.0,1.0,"['1642727', '37156349', '15041758', '2028532', '17691617']",1.0,1.0
922,Patients in stable partnerships have a faster progression from HIV to AIDS.,['17077004'],"['17077004', '20188586', '46353045', '374902', '1986482']",1.0,1.0,"['17077004', '46353045', '20188586', '37444589', '9161988']",1.0,1.0,"['17077004', '25134146', '22227889', '23304931', '24596228']",1.0,1.0
936,Peroxynitrite is required for nitration of TCR/CD8.,['5483793'],"['5483793', '20457190', '36271512', '23122306', '29863668']",1.0,1.0,"['5483793', '20457190', '36271512', '23100962', '23122306']",1.0,1.0,"['5483793', '23100962', '18758057', '34905328', '20344442']",1.0,1.0
956,Pleiotropic coupling of GLP-1R to intracellular effectors promotes distinct profiles of cellular signaling.,['12956194'],"['21754541', '31107919', '3610282', '3127341', '16208091']",0.0,0.0,"['31107919', '21754541', '3127341', '3610282', '11090688']",0.0,0.0,"['12956194', '31107919', '21754541', '3610282', '3127341']",1.0,1.0
957,Podocytes are motile and migrate in the presence of injury.,['123859'],"['13492264', '123859', '14965508', '22241778', '27279525']",1.0,0.5,"['13492264', '123859', '16355392', '14965508', '22241778']",1.0,0.5,"['123859', '13492264', '14591894', '17188921', '7370282']",1.0,1.0
960,Polymeal nutrition reduces cardiovascular mortality.,['8780599'],"['8780599', '752423', '71341302', '25974070', '9617381']",1.0,1.0,"['8780599', '75636923', '752423', '23013317', '71341302']",1.0,1.0,"['8780599', '20083834', '35495268', '7454794', '5698494']",1.0,1.0
967,Pretreatment with the Arp2/3 inhibitor CK-666 affects lamelliopodia formation.,"['2119889', '8997410']","['2119889', '8997410', '6157837', '22767022', '238409']",1.0,1.0,"['2119889', '8997410', '86694016', '22767022', '16280642']",1.0,1.0,"['8997410', '22767022', '2119889', '36345185', '86694016']",1.0,1.0
971,Primary cervical cancer screening with HPV detection has higher longitudinal sensitivity than conventional cytology to detect cervical intraepithelial neoplasia grade 2.,"['46695481', '27873158', '28617573', '9764256']","['6561200', '9764256', '27873158', '27446873', '46695481']",0.75,0.5,"['9764256', '6561200', '27873158', '27446873', '46695481']",0.75,1.0,"['27446873', '9764256', '28617573', '46695481', '27873158']",1.0,0.5
975,Primary pro-inflammatory cytokines induce secondary pro- and anti-inflammatory mediators.,['5304891'],"['20608982', '44935041', '29509926', '21258863', '9225850']",0.0,0.0,"['29509926', '20608982', '45449835', '44935041', '6144969']",0.0,0.0,"['45449835', '4454788', '2844490', '364522', '343052']",0.0,0.0
982,Proteins synthesized at the growth cone are ubiquitinated at a higher rate than proteins from the cell body.,['2988714'],"['2988714', '6422576', '29557235', '3468459', '7451607']",1.0,1.0,"['2988714', '23160444', '6422576', '33912020', '29557235']",1.0,1.0,"['2988714', '6422576', '23160444', '44947611', '4362729']",1.0,1.0
985,Pseudogene PTENP1 regulates the expression of PTEN by functioning as an miRNA decoy.,['6828370'],"['6828370', '16364639', '13964633', '28704738', '34071621']",1.0,1.0,"['6828370', '13964633', '16364639', '34016944', '16346504']",1.0,1.0,"['6828370', '16346504', '13964633', '16364639', '24294572']",1.0,1.0
993,Pyridostatin destabilizes the G - quadruplex in the telomeric region.,['16472469'],"['26118532', '25842866', '16472469', '25787749', '1226452']",1.0,0.3333333333333333,"['26118532', '25842866', '1226452', '16472469', '2758012']",1.0,0.25,"['16472469', '26118532', '25842866', '25787749', '4429668']",1.0,1.0
1012,Radioiodine treatment of non-toxic multinodular goitre reduces thyroid volume.,['9745001'],"['9745001', '6751418', '43122426', '26026009', '37912677']",1.0,1.0,"['9745001', '26026009', '6751418', '43122426', '37912677']",1.0,1.0,"['9745001', '6751418', '43122426', '26026009', '37912677']",1.0,1.0
1014,Rapamycin decreases the concentration of triacylglycerols in fruit flies.,['6277638'],"['6277638', '20829129', '1227277', '11742219', '17195001']",1.0,1.0,"['6277638', '15615957', '20829129', '18557974', '1227277']",1.0,1.0,"['6277638', '2266471', '1227277', '18557974', '116792']",1.0,1.0
1019,Rapid phosphotransfer rates govern fidelity in two component systems,['11603066'],"['196664003', '12370190', '11603066', '8148122', '18111172']",1.0,0.3333333333333333,"['196664003', '1225513', '11603066', '12370190', '8148122']",1.0,0.3333333333333333,"['1225513', '11603066', '12370190', '196664003', '18111172']",1.0,0.5
1020,Rapid up-regulation and higher basal expression of interferon-induced genes increase survival of granule cell neurons that are infected by West Nile virus.,['9433958'],"['10559501', '9433958', '26731863', '3308636', '2947124']",1.0,0.5,"['9433958', '10559501', '12885341', '26731863', '38376189']",1.0,1.0,"['10559501', '9433958', '6163801', '4402497', '26731863']",1.0,0.5
1021,Rapid up-regulation and higher basal expression of interferon-induced genes reduce survival of granule cell neurons that are infected by West Nile virus.,['9433958'],"['10559501', '9433958', '26731863', '3308636', '2947124']",1.0,0.5,"['9433958', '10559501', '26731863', '12885341', '38376189']",1.0,1.0,"['10559501', '9433958', '6163801', '26731863', '4402497']",1.0,0.5
1024,Recurrent mutations occur frequently within CTCF anchor sites adjacent to oncogenes.,['5373138'],"['8494570', '14530534', '4926049', '24995939', '6078882']",0.0,0.0,"['8494570', '5373138', '24995939', '140874', '14530534']",1.0,0.5,"['5373138', '140874', '24995939', '6078882', '4396105']",1.0,1.0
1029,Reduced responsiveness to interleukin-2 in regulatory T cells is associated with greater resistance to autoimmune diseases such as Type 1 Diabetes.,"['13923140', '13940200', '11899391']","['11899391', '2388819', '5567005', '13923140', '2462673']",0.6666666666666666,1.0,"['11899391', '7115651', '2388819', '34025053', '5567005']",0.3333333333333333,1.0,"['11899391', '13923140', '2388819', '1855679', '24101431']",0.6666666666666666,1.0
1041,Replacement of histone H2A with H2A.Z slows gene activation in yeasts by stabilizing +1 nucleosomes.,"['25254425', '16626264']","['9451052', '15778034', '24311787', '2817000', '406733']",0.0,0.0,"['9451052', '11844791', '15778034', '18038955', '2817000']",0.0,0.0,"['9451052', '11844791', '15778034', '18038955', '16626264']",0.5,0.2
1049,Ribosomopathies have a low degree of cell and tissue specific pathology.,['12486491'],"['24737389', '26112624', '7487927', '8925851', '6670101']",0.0,0.0,"['24737389', '7487927', '26112624', '8925851', '4380287']",0.0,0.0,"['8925851', '24737389', '7487927', '26112624', '4380287']",0.0,0.0
1062,S-nitrosylated GAPDH physiologically transnitrosylates histone deacetylases.,['20381484'],"['20381484', '25748308', '32638085', '8267678', '43156471']",1.0,1.0,"['20381484', '25748308', '32638085', '43156471', '4323449']",1.0,1.0,"['20381484', '502591', '25748308', '2831620', '25606339']",1.0,1.0
1086,Sildenafil improves erectile function in men who experience sexual dysfunction as a result of the use of SSRI antidepressants.,['39281140'],"['39281140', '3981244', '27466734', '25440070', '6112053']",1.0,1.0,"['39281140', '3981244', '27466734', '6112053', '25440070']",1.0,1.0,"['39281140', '3981244', '24082820', '6083952', '27466734']",1.0,1.0
1088,Silencing of Bcl2 is important for the maintenance and progression of tumors.,['37549932'],"['37549932', '11900630', '34439544', '4323425', '8496132']",1.0,1.0,"['5765455', '37549932', '6923961', '11900630', '11915280']",1.0,0.5,"['37549932', '33638477', '11915280', '3730196', '6923961']",1.0,1.0
1089,Smc5/6 engagment drives the activation of SUMO E3 ligase Mms21 by ATP-dependent remolding.,['17628888'],"['17628888', '7915836', '86231298', '21948782', '23577014']",1.0,1.0,"['17628888', '7915836', '143251', '23577014', '21948782']",1.0,1.0,"['17628888', '7915836', '9505448', '23577014', '143251']",1.0,1.0
1099,Statins decrease blood cholesterol.,['7662206'],"['21557614', '22420524', '7454794', '5698494', '30981192']",0.0,0.0,"['22420524', '21557614', '7454794', '31890716', '15663829']",0.0,0.0,"['22420524', '21557614', '30981192', '7454794', '2391552']",0.0,0.0
1100,Statins increase blood cholesterol.,['7662206'],"['21557614', '22420524', '2391552', '30981192', '7454794']",0.0,0.0,"['21557614', '22420524', '31890716', '30981192', '2391552']",0.0,0.0,"['21557614', '22420524', '30981192', '40156901', '1287809']",0.0,0.0
1104,Stroke patients with prior use of direct oral anticoagulants have a lower risk of in-hospital mortality than stroke patients with prior use of warfarin.,['3898784'],"['3898784', '34338075', '14973286', '4910408', '1387104']",1.0,1.0,"['3898784', '4910408', '16760369', '16180601', '34338075']",1.0,1.0,"['3898784', '4910408', '16760369', '32328114', '11718220']",1.0,1.0
1107,Subcutaneous fat depots undergo extensive browning processes after cold exposure.,['20532591'],"['29381091', '14865329', '20532591', '26902591', '4319174']",1.0,0.3333333333333333,"['29381091', '20532591', '14865329', '26902591', '79447']",1.0,0.5,"['20532591', '29381091', '14865329', '32955023', '79447']",1.0,1.0
1110,Suboptimal nutrition is not predictive of chronic disease,['13770184'],"['20288322', '8529693', '36558211', '20048431', '195352']",0.0,0.0,"['20288322', '27408104', '756887', '8529693', '2787558']",0.0,0.0,"['43483151', '22236223', '27408104', '27466734', '2787558']",0.0,0.0
1121,Synaptic activity enhances local release of brain derived neurotrophic factor from postsynaptic dendrites.,['4456756'],"['10009203', '4456756', '10790846', '29745822', '24881307']",1.0,0.5,"['10009203', '4456756', '10790846', '23076291', '19571273']",1.0,0.5,"['23076291', '19571273', '4456756', '10009203', '10790846']",1.0,0.3333333333333333
1130,T regulatory cells (tTregs) lacking αvβ8 are more adept at suppressing pathogenic T-cell responses during active inflammation.,['17997584'],"['17997584', '1550937', '29015485', '12100963', '4380287']",1.0,1.0,"['17997584', '9500590', '1550937', '7399084', '29015485']",1.0,1.0,"['17997584', '4380287', '14644164', '36216395', '19005293']",1.0,1.0
1132,TCR/CD3 microdomains are a required to induce the immunologic synapse to activate T cells.,"['33499189', '9283422']","['6961811', '5914739', '2714623', '15972906', '4422734']",0.0,0.0,"['6961811', '6936141', '15972906', '2714623', '5914739']",0.0,0.0,"['33499189', '24069089', '6936141', '2714623', '18758057']",0.5,1.0
1137,TNFAIP3 is a tumor suppressor in glioblastoma.,['33370'],"['33370', '470625', '38355793', '5123516', '207972']",1.0,1.0,"['33370', '18600579', '470625', '5123516', '38355793']",1.0,1.0,"['33370', '470625', '18600579', '5123516', '13244602']",1.0,1.0
1140,Taking 400mg of α-tocopheryl acetate helps to prevent prostate cancer.,['12009265'],"['4500832', '12009265', '308862', '32766786', '24450344']",1.0,0.5,"['12009265', '4500832', '40913091', '36432234', '25513319']",1.0,1.0,"['12009265', '4500832', '36432234', '25513319', '18473550']",1.0,1.0
1144,Taxation of sugar-sweetened beverages had no effect on the incidence rate of type II diabetes in India.,['10071552'],"['10071552', '9822397', '3770750', '6207111', '1974176']",1.0,1.0,"['10071552', '9822397', '3770750', '12224536', '33960383']",1.0,1.0,"['10071552', '9822397', '1974176', '12224536', '3770750']",1.0,1.0
1146,Teaching hospitals do not provide better care than non-teaching hospitals.,['13906581'],"['13906581', '13843341', '30226988', '6421734', '13732033']",1.0,1.0,"['13906581', '13843341', '21323587', '16495649', '30226988']",1.0,1.0,"['13906581', '16495649', '20746604', '12258338', '13843341']",1.0,1.0
1150,Tetraspanin-3 is a causative factor in the development of acute myelogenous leukemia,['11369420'],"['11369420', '25832301', '11951999', '9478135', '42484543']",1.0,1.0,"['11369420', '8427306', '9478135', '25832301', '5765455']",1.0,1.0,"['11369420', '9478135', '25832301', '11344428', '12903921']",1.0,1.0
1163,The DdrB protein from Deinococcus radiodurans is an alternative SSB.,['15305881'],"['15305881', '799586', '18261004', '1914588', '2479538']",1.0,1.0,"['15305881', '799586', '2479538', '8065561', '1914588']",1.0,1.0,"['15305881', '799586', '1914588', '8065561', '12224536']",1.0,1.0
1175,The PPR MDA5 has two N-terminal CARD domains.,['31272411'],"['22191759', '31387717', '16058322', '31107919', '36202354']",0.0,0.0,"['22191759', '15419873', '31387717', '16058322', '31107919']",0.0,0.0,"['17402386', '22191759', '15419873', '24550453', '56486733']",0.0,0.0
1179,The PRR MDA5 has a central DExD/H RNA helices domain.,['31272411'],"['20725212', '18467982', '4067274', '21330280', '7860396']",0.0,0.0,"['20725212', '10627801', '1383826', '26030079', '18467982']",0.0,0.0,"['10627801', '2566674', '15419873', '20725212', '4363526']",0.0,0.0
1180,The PRR MDA5 is a sensor of RNA virus infection.,['31272411'],"['9591368', '8005007', '2566674', '20725212', '31272411']",1.0,0.2,"['2566674', '9591368', '31272411', '10627801', '8005007']",1.0,0.3333333333333333,"['31272411', '2566674', '15419873', '10627801', '14474178']",1.0,1.0
1185,The US health care system can save up to $750 million if 7% of patients waiting for kidney transplants participate in the optimized national kidney paired donation program.,['16737210'],"['16737210', '21859699', '41774099', '21203899', '10582939']",1.0,1.0,"['16737210', '21859699', '41774099', '21203899', '21616324']",1.0,1.0,"['16737210', '21859699', '41774099', '10582939', '21203899']",1.0,1.0
1187,The YAP1 and TEAD complex tanslocates into the nucleus where it interacts with transcription factors and DNA-binding proteins that modulate target gene transcription.,['52873726'],"['52873726', '12737132', '14380875', '23208167', '43711341']",1.0,1.0,"['52873726', '12737132', '4465762', '3893473', '19099739']",1.0,1.0,"['52873726', '12737132', '39929509', '8331432', '4465762']",1.0,1.0
1191,The amount of publicly available DNA data doubles every 10 years.,['30655442'],"['15856466', '23665162', '27587267', '4283694', '25504006']",0.0,0.0,"['27768226', '15856466', '23665162', '36355784', '24234341']",0.0,0.0,"['27768226', '36355784', '25452937', '7808055', '3716075']",0.0,0.0
1194,The arm density of TatAd complexes is due to structural rearrangements within Class1 TatAd complexes such as the 'charge zipper mechanism'.,['11419230'],"['24706198', '11419230', '5473074', '6636088', '22042345']",1.0,0.5,"['11419230', '24706198', '33499189', '39389082', '5473074']",1.0,1.0,"['11419230', '24706198', '5473074', '33499189', '22042345']",1.0,1.0
1196,The availability of safe places to study is effective at decreasing homelessness.,['25649714'],"['154243324', '31019903', '25649714', '33135135', '20334484']",1.0,0.3333333333333333,"['154243324', '6129301', '31019903', '33135135', '25649714']",1.0,0.2,"['25649714', '6129301', '154243324', '31019903', '20334484']",1.0,1.0
1197,The availability of safe places to study is not effective at decreasing homelessness.,['25649714'],"['31019903', '154243324', '25649714', '33135135', '20334484']",1.0,0.3333333333333333,"['31019903', '6129301', '154243324', '33135135', '25649714']",1.0,0.2,"['154243324', '25649714', '6129301', '31019903', '20334484']",1.0,0.5
1199,The benefits of colchicine were achieved with effective widespread use of secondary prevention strategies such as high-dose statins.,['16760369'],"['7454794', '2391552', '21557614', '22420524', '35534019']",0.0,0.0,"['7454794', '21557614', '2391552', '8708082', '35534019']",0.0,0.0,"['7454794', '21557614', '5698494', '1287809', '2391552']",0.0,0.0
1200,The binding orientation of the ML-SA1 activator at hTRPML2 is different from the binding orientation of the ML-SA1 activator at hTRPML1.,['3441524'],"['26011884', '23938319', '493346', '10607877', '24311787']",0.0,0.0,"['26011884', '15472716', '23938319', '493346', '10607877']",0.0,0.0,"['2053540', '25682129', '15472716', '493346', '26011884']",0.0,0.0
1202,The center of the granuloma in an immune cell induces a pro-inflammatory immune response.,['3475317'],"['34615397', '3475317', '42465769', '188911', '24612804']",1.0,0.5,"['3475317', '34615397', '17412260', '16863359', '9225850']",1.0,1.0,"['34615397', '3475317', '9225850', '17412260', '22852120']",1.0,0.5
1204,The combination of H3K4me3 and H3K79me2 is found in quiescent hair follicle stem cells.,['31141365'],"['31141365', '6455142', '52868579', '8548635', '6441369']",1.0,1.0,"['31141365', '19510470', '6455142', '52868579', '8891333']",1.0,1.0,"['52868579', '31141365', '8548635', '3849194', '4547102']",1.0,0.5
1207,The composition of myosin-II isoform switches from the polarizable B isoform to the more homogenous A isoform during hematopoietic differentiation.,['18909530'],"['18909530', '12800122', '30714190', '38380061', '25858295']",1.0,1.0,"['18909530', '12800122', '27061085', '38380061', '735130']",1.0,1.0,"['18909530', '735130', '38380061', '27061085', '5700349']",1.0,1.0
1213,The deregulated and prolonged activation of monocytes has deleterious effects in inflammatory diseases.,['14407673'],"['2192419', '14386505', '14492339', '23273454', '36444198']",0.0,0.0,"['2192419', '23901235', '14386505', '17934603', '14492339']",0.0,0.0,"['21498497', '36444198', '7948486', '13902570', '2192419']",0.0,0.0
1216,The extracellular domain of TMEM27 is cleaved in human beta cells.,['24142891'],"['24142891', '13868795', '6163801', '8903143', '25085979']",1.0,1.0,"['24142891', '11557602', '13868795', '13779605', '6163801']",1.0,1.0,"['24142891', '19756935', '19828689', '4407455', '32927475']",1.0,1.0
1221,The genomic aberrations found in matasteses are very similar to those found in the primary tumor.,['19736671'],"['8989616', '16732790', '25504006', '10761515', '4489217']",0.0,0.0,"['42836872', '8989616', '21479575', '16732790', '25623469']",0.0,0.0,"['4325398', '16732790', '42836872', '21479575', '44674301']",0.0,0.0
1225,The locus rs647161 is associated with colorectal carcinoma.,['9650982'],"['43334921', '9650982', '37204802', '14729253', '6078882']",1.0,0.5,"['14315749', '43334921', '9650982', '2061878', '21181273']",1.0,0.3333333333333333,"['9650982', '43334921', '2095573', '36399107', '14315749']",1.0,1.0
1226,"The loss of the TET protein functions may have dire biological consequences, such as myeloid cancers.",['13777138'],"['11951999', '11289247', '34103335', '15521377', '10608822']",0.0,0.0,"['11951999', '2405259', '22623275', '11289247', '34016944']",0.0,0.0,"['11951999', '2405259', '6828370', '34016944', '24731248']",0.0,0.0
1232,The minor G allele of FOXO3 is related to more severe symptoms of Crohn's Disease.,['13905670'],"['13905670', '5922085', '16119973', '1265945', '26735018']",1.0,1.0,"['13905670', '5922085', '9244474', '1265945', '6957332']",1.0,1.0,"['13905670', '5922085', '12443371', '24906548', '2844490']",1.0,1.0
1241,The myocardial lineage develops from cardiac progenitors of mesodermal origin.,['4427392'],"['2828460', '4427392', '32797183', '38727075', '26378103']",1.0,0.5,"['32797183', '2828460', '4427392', '4020950', '6148876']",1.0,0.3333333333333333,"['4427392', '6148876', '12411274', '32797183', '4020950']",1.0,1.0
1245,The one-child policy has been successful in lowering population growth.,['7662395'],"['7662395', '25690564', '4791384', '1606628', '45548062']",1.0,1.0,"['7662395', '28707489', '25690564', '24042919', '4791384']",1.0,1.0,"['7662395', '49429882', '36124058', '11748341', '52072815']",1.0,1.0
1259,The relationship between a breast cancer patient's capacity to metabolize tamoxifen and treatment outcome is dependent on the patient's genetic make-up.,['24341590'],"['24341590', '20454006', '13069283', '12438901', '16701509']",1.0,1.0,"['20454006', '24341590', '13069283', '12438901', '15721252']",1.0,0.5,"['24341590', '13069283', '20454006', '12438901', '24349992']",1.0,1.0
1262,The repair of Cas9-induced double strand breaks in human DNA is error-prone.,['44172171'],"['44172171', '30122260', '20420780', '461550', '21561474']",1.0,1.0,"['44172171', '30122260', '5765455', '20420780', '28904104']",1.0,1.0,"['44172171', '5765455', '28904104', '20420780', '21561474']",1.0,1.0
1266,"The risk of breast cancer among parous women increases with placental weight of pregnancies, and this association is strongest for premenopausal breast cancer.",['37480103'],"['37480103', '27123743', '23557241', '17450673', '22007333']",1.0,1.0,"['37480103', '13831842', '27123743', '25973484', '32534305']",1.0,1.0,"['37480103', '13831842', '27123743', '32534305', '25973484']",1.0,1.0
1270,The risk of male prisoners harming themselves is ten times that of female prisoners.,['13900610'],"['13900610', '1102268', '34227917', '14843502', '980196']",1.0,1.0,"['13900610', '20326526', '14843502', '1102268', '52072815']",1.0,1.0,"['13900610', '1102268', '980196', '52072815', '9976969']",1.0,1.0
1271,The severity of cardiac involvement in amyloidosis can be described by the degree of transmurality of late gadolinium enhancement in MRI.,['13768432'],"['13768432', '32671519', '38040186', '23124332', '24989194']",1.0,1.0,"['13768432', '2587396', '87758', '32671519', '32263707']",1.0,1.0,"['13768432', '27550580', '1686881', '38040186', '46266579']",1.0,1.0
1272,The single flash-evoked ERG b-wave is generated by activity of ON-bipolar cells.,['17081238'],"['15685921', '19521501', '36860856', '13757347', '20460020']",0.0,0.0,"['24760136', '15685921', '19521501', '36860856', '13458119']",0.0,0.0,"['24760136', '13458119', '15685921', '23746332', '17081238']",1.0,0.2
1273,The sliding activity of kinesin-8 protein Kip3 promotes bipolar spindle assembly.,['11041152'],"['11041152', '1889358', '493346', '24555417', '1641873']",1.0,1.0,"['11041152', '1889358', '24555417', '14205246', '21250322']",1.0,1.0,"['11041152', '1889358', '1684489', '6472746', '2991954']",1.0,1.0
1274,The tip of the inner tube of the toxic type VI secretion system (T6SS) antibacterial effector in Escherichia coli (E. coli) carries toxic effector proteins.,"['12428814', '27731651', '4406819']","['22632303', '4406819', '7481159', '27731651', '23440856']",0.6666666666666666,0.5,"['7481159', '22632303', '4406819', '27731651', '7145763']",0.6666666666666666,0.3333333333333333,"['4406819', '27731651', '7481159', '22632303', '23440856']",0.6666666666666666,1.0
1278,The treatment of cancer patients with co-IR blockade does not cause any adverse autoimmune events.,['11335781'],"['11335781', '2030623', '10162553', '12705056', '52180874']",1.0,1.0,"['11335781', '15648443', '2030623', '5132358', '70516463']",1.0,1.0,"['5132358', '25589047', '40164383', '7975937', '1900152']",0.0,0.0
1279,The treatment of cancer patients with co-IR blockade precipitates adverse autoimmune events.,['11335781'],"['11335781', '10162553', '67045088', '4380287', '35149431']",1.0,1.0,"['11335781', '15648443', '10162553', '5132358', '67045088']",1.0,1.0,"['40164383', '5132358', '25589047', '1900152', '11254040']",0.0,0.0
1280,"The ureABIEFGH gene cluster encodes urease maturation proteins : UreD/UreH, UreE, UreF, and UreG.",['4387784'],"['37768883', '29214508', '36233757', '38805486', '435529']",0.0,0.0,"['37768883', '29214508', '36233757', '38805486', '435529']",0.0,0.0,"['29214508', '37768883', '36233757', '18467982', '38805486']",0.0,0.0
1281,The ureABIEFGH gene cluster is induced by nickel (II) ion.,['4387784'],"['38805486', '37768883', '36233757', '29214508', '25657127']",0.0,0.0,"['36233757', '38805486', '37768883', '4319844', '461550']",0.0,0.0,"['29214508', '36233757', '37768883', '38805486', '4319844']",0.0,0.0
1282,Therapeutic use of the drug Dapsone to treat pyoderma gangrenous is based on anecdotal evidence.,['23649163'],"['22371455', '25328476', '23420807', '3981033', '21009874']",0.0,0.0,"['21009874', '22371455', '4387494', '25328476', '14806256']",0.0,0.0,"['23649163', '21009874', '14706752', '25895285', '7454794']",1.0,1.0
1290,There is an inverse relationship between hip fractures and statin use.,['4687948'],"['4687948', '2391552', '16812091', '5698494', '7454794']",1.0,1.0,"['4687948', '16812091', '7454794', '2391552', '22420524']",1.0,1.0,"['4687948', '16812091', '7965928', '22420524', '7454794']",1.0,1.0
1292,There is no association between HNF4A mutations and diabetes risks.,['56893404'],"['56893404', '5567005', '25571386', '21641088', '13450938']",1.0,1.0,"['56893404', '5567005', '4886637', '25571386', '1974176']",1.0,1.0,"['4886637', '56893404', '17656445', '25571386', '6176498']",1.0,0.5
1298,Thigh-length graduated compression stockings (GCS) did not reduce deep vein thrombosis in patients admitted to hospital who are immobile because of acute stroke.,['11718220'],"['11718220', '34338075', '1387104', '4910408', '14973286']",1.0,1.0,"['11718220', '34338075', '14973286', '79231308', '1387104']",1.0,1.0,"['11718220', '79231308', '34338075', '39059143', '29981186']",1.0,1.0
1303,Tirasemtiv has no effect on fast-twitch muscle.,['12631697'],"['43048059', '25970224', '12631697', '323335', '37037012']",1.0,0.3333333333333333,"['43048059', '40631095', '12631697', '25970224', '323335']",1.0,0.3333333333333333,"['34328964', '12631697', '43048059', '37037012', '25970224']",1.0,0.5
1316,Transferred UCB T cells acquire a memory-like phenotype in recipients.,['27910499'],"['6961811', '3155731', '5508750', '37311371', '24879055']",0.0,0.0,"['43587663', '6961811', '3155731', '22621251', '24879055']",0.0,0.0,"['24879055', '22621251', '5508750', '21320417', '3155731']",0.0,0.0
1319,Transplanted human glial cells can differentiate within the host animal.,['16284655'],"['16284655', '14192687', '17101262', '2437807', '46193388']",1.0,1.0,"['14192687', '11527199', '16284655', '39532074', '12742164']",1.0,0.3333333333333333,"['16284655', '12742164', '36398420', '2437807', '19204979']",1.0,1.0
1320,Transplanted human glial progenitor cells are incapable of forming a neural network with host animals' neurons.,['16284655'],"['14192687', '16284655', '2437807', '17101262', '36637129']",1.0,0.5,"['14192687', '16284655', '3360421', '2437807', '106301']",1.0,0.5,"['16284655', '36637129', '2437807', '3360421', '12742164']",1.0,1.0
1332,Tumor necrosis factor alpha (TNF-α) and interleukin-1 (IL-1) are pro-inflammatory cytokines that inhibit IL-6 and IL-10.,['5304891'],"['44935041', '12705056', '40963697', '9846940', '11328820']",0.0,0.0,"['44935041', '9846940', '16488405', '12705056', '39264456']",0.0,0.0,"['16488405', '9846940', '44935041', '24998637', '22889972']",0.0,0.0
1335,UCB T cells maintain high TCR diversity after transplantation.,['27910499'],"['27243019', '20220731', '27910499', '6961811', '33535222']",1.0,0.3333333333333333,"['27243019', '27910499', '20220731', '43587663', '13398997']",1.0,0.5,"['27910499', '27243019', '43587663', '20220731', '19511011']",1.0,1.0
1336,UCB T cells reduce TCR diversity after transplantation.,['27910499'],"['27243019', '20220731', '27910499', '33535222', '6961811']",1.0,0.3333333333333333,"['27243019', '27910499', '20220731', '43587663', '6961811']",1.0,0.5,"['27910499', '27243019', '43587663', '20220731', '24795767']",1.0,1.0
1337,Ubiquitin ligase UBC13 generates a K63-linked polyubiquitin moiety at PCNA K164.,['20231138'],"['31962403', '6422576', '29557235', '7820043', '13717103']",0.0,0.0,"['20231138', '31962403', '7820043', '23513818', '6422576']",1.0,1.0,"['20231138', '7820043', '24725136', '21562657', '23513818']",1.0,1.0
1339,Ultrasound guidance significantly raises the number of traumatic procedures when attempting needle insertion.,['15482274'],"['15482274', '38493521', '52874170', '18062308', '25515907']",1.0,1.0,"['15482274', '52874170', '38493521', '27260630', '8814634']",1.0,1.0,"['15482274', '27260630', '38493521', '11718220', '52874170']",1.0,1.0
1344,Up-regulation of the p53 pathway and related molecular events casues cancer resistance and results in a significantly shortened lifespan marked by senescent cells and accelerated organismal aging.,['9559146'],"['6896063', '9559146', '9483851', '15521377', '12762485']",1.0,0.5,"['6896063', '9291668', '9559146', '15521377', '9483851']",1.0,0.3333333333333333,"['6896063', '37204802', '15521377', '43880096', '9559146']",1.0,0.2
1352,Upregulation of mosGCTL-1 is induced upon infection with West Nile virus.,['12885341'],"['12885341', '38376189', '11016410', '34287602', '10559501']",1.0,1.0,"['12885341', '38376189', '10559501', '34287602', '11016410']",1.0,1.0,"['12885341', '10648422', '10559501', '6144969', '38376189']",1.0,1.0
1359,Varenicline monotherapy is more effective after 12 weeks of treatment compared to combination nicotine replacement therapies with varenicline or bupropion.,['11614737'],"['11614737', '5114940', '24019260', '5551138', '4246523']",1.0,1.0,"['11614737', '5114940', '5551138', '24019260', '34369306']",1.0,1.0,"['11614737', '5114940', '1759213', '34369306', '24019260']",1.0,1.0
1362,Venules have a larger lumen diameter than arterioles.,['8290953'],"['2056197', '4890578', '25175997', '87758', '17546486']",0.0,0.0,"['8290953', '2056197', '4890578', '23513718', '25175997']",1.0,1.0,"['1122279', '23513718', '1905095', '8290953', '79447']",1.0,0.25
1363,Venules have a thinner or absent smooth layer compared to arterioles.,['8290953'],"['25175997', '4890578', '3896759', '79447', '2056197']",0.0,0.0,"['8290953', '25175997', '79447', '19770974', '4890578']",1.0,1.0,"['79447', '1122279', '8290953', '23513718', '25175997']",1.0,0.3333333333333333
1368,Vitamin D deficiency effects the term of delivery.,['2425364'],"['2425364', '23267371', '30720103', '275294', '9555784']",1.0,1.0,"['2425364', '13312471', '8856690', '30720103', '23267371']",1.0,1.0,"['2425364', '8856690', '23267371', '13312471', '275294']",1.0,1.0
1370,Vitamin D deficiency is unrelated to birth weight.,['2425364'],"['2425364', '21553394', '30720103', '9555784', '275294']",1.0,1.0,"['2425364', '17450673', '21553394', '30720103', '275294']",1.0,1.0,"['2425364', '21553394', '30720103', '23267371', '22023404']",1.0,1.0
1379,Women with a higher birth weight are more likely to develop breast cancer later in life.,"['16322674', '27123743', '23557241', '17450673']","['27123743', '37480103', '17450673', '16322674', '25973484']",0.75,1.0,"['5487448', '37480103', '27123743', '17450673', '16322674']",0.75,0.3333333333333333,"['37480103', '27123743', '5487448', '23557241', '17450673']",0.75,0.5
1382,aPKCz causes tumour enhancement by affecting glutamine metabolism.,['17755060'],"['17755060', '3831884', '27647593', '5256564', '28334217']",1.0,1.0,"['3831884', '17755060', '4138659', '1344498', '28334217']",1.0,0.5,"['3831884', '17755060', '28334217', '22914228', '25513319']",1.0,0.5
1385,cSMAC formation enhances weak ligand signalling.,['306006'],"['306006', '31902335', '9283422', '7736860', '12956194']",1.0,1.0,"['306006', '9283422', '31902335', '17539488', '17271462']",1.0,1.0,"['306006', '9283422', '12265561', '17271462', '2825380']",1.0,1.0
1389,mTORC2 regulates intracellular cysteine levels through xCT inhibition.,['23895668'],"['23895668', '8460275', '1344498', '14874811', '26735905']",1.0,1.0,"['23895668', '4700428', '8460275', '44640124', '1344498']",1.0,1.0,"['23895668', '13002003', '8460275', '14874811', '1389264']",1.0,1.0
1395,p16INK4A accumulation is  linked to an abnormal wound response caused by the microinvasive step of advanced Oral Potentially Malignant Lesions (OPMLs).,['17717391'],"['17717391', '19343151', '18218379', '36399107', '25263942']",1.0,1.0,"['17717391', '7711685', '36831892', '19343151', '22309946']",1.0,1.0,"['17717391', '36399107', '19343151', '7506409', '10485142']",1.0,1.0
